<?xml version="1.0" encoding="UTF-8" ?>
<!DOCTYPE html>
<html expr:dir='data:blog.languageDirection' xmlns='http://www.w3.org/1999/xhtml' xmlns:b='http://www.google.com/2005/gml/b' xmlns:data='http://www.google.com/2005/gml/data' xmlns:expr='http://www.google.com/2005/gml/expr'>
<head>

<b:include data='blog' name='all-head-content'/>

<b:if cond='data:blog.pageType == &quot;index&quot;'>
<title><data:blog.pageTitle/></title> 
<b:else/>
<title><data:blog.pageName/> ~ <data:blog.title/></title>
</b:if>

<link href='http://fonts.googleapis.com/css?family=Open+Sans:400,300,800,700,600' rel='stylesheet' type='text/css'/>

<!--[if lt IE 9]>
<script type='text/javascript'>
//<![CDATA[

// html5shiv MIT @rem remysharp.com/html5-enabling-script
// iepp v1.6.2 MIT @jon_neal iecss.com/print-protector
/*@cc_on(function(a,b){function r(a){var b=-1;while(++b<f)a.createElement(e[b])}if(!(!window.attachEvent||!b.createStyleSheet||!function(){var a=document.createElement("div");a.innerHTML="<elem></elem>";return a.childNodes.length!==1}())){a.iepp=a.iepp||{};var c=a.iepp,d=c.html5elements||"abbr|article|aside|audio|canvas|datalist|details|figcaption|figure|footer|header|hgroup|mark|meter|nav|output|progress|section|summary|time|video",e=d.split("|"),f=e.length,g=new RegExp("(^|\\s)("+d+")","gi"),h=new RegExp("<(/*)("+d+")","gi"),i=/^\s*[\{\}]\s*$/,j=new RegExp("(^|[^\\n]*?\\s)("+d+")([^\\n]*)({[\\n\\w\\W]*?})","gi"),k=b.createDocumentFragment(),l=b.documentElement,m=l.firstChild,n=b.createElement("body"),o=b.createElement("style"),p=/print|all/,q;c.getCSS=function(a,b){if(a+""===undefined)return"";var d=-1,e=a.length,f,g=[];while(++d<e){f=a[d];if(f.disabled)continue;b=f.media||b,p.test(b)&&g.push(c.getCSS(f.imports,b),f.cssText),b="all"}return g.join("")},c.parseCSS=function(a){var b=[],c;while((c=j.exec(a))!=null)b.push(((i.exec(c[1])?"\n":c[1])+c[2]+c[3]).replace(g,"$1.iepp_$2")+c[4]);return b.join("\n")},c.writeHTML=function(){var a=-1;q=q||b.body;while(++a<f){var c=b.getElementsByTagName(e[a]),d=c.length,g=-1;while(++g<d)c[g].className.indexOf("iepp_")<0&&(c[g].className+=" iepp_"+e[a])}k.appendChild(q),l.appendChild(n),n.className=q.className,n.id=q.id,n.innerHTML=q.innerHTML.replace(h,"<$1font")},c._beforePrint=function(){o.styleSheet.cssText=c.parseCSS(c.getCSS(b.styleSheets,"all")),c.writeHTML()},c.restoreHTML=function(){n.innerHTML="",l.removeChild(n),l.appendChild(q)},c._afterPrint=function(){c.restoreHTML(),o.styleSheet.cssText=""},r(b),r(k);if(c.disablePP)return;m.insertBefore(o,m.firstChild),o.media="print",o.className="iepp-printshim",a.attachEvent("onbeforeprint",c._beforePrint),a.attachEvent("onafterprint",c._afterPrint)}})(this,document)@*/

//]]>
</script>
<![endif]-->

<b:skin><![CDATA[/*
-----------------------------------------------
Template Name  : Monaco
Author         : NewBloggerThemes.com
Author URL     : http://newbloggerthemes.com/
Theme URL      : http://newbloggerthemes.com/monaco-blogger-template/
Created Date   : Monday, October 8, 2012
License        : This template is free for both personal and commercial use, But to satisfy the 'attribution' clause of the license, you are required to keep the footer links intact which provides due credit to its authors.For more information about this license, please use this link :http://creativecommons.org/licenses/by/3.0/
----------------------------------------------- */

body#layout ul{list-style-type:none;list-style:none}
body#layout ul li{list-style-type:none;list-style:none}
body#layout #content {width:600px;}
body#layout #nbtfeature {display:none;}
body#layout #slider {display:none;}

/* Variable definitions
   ====================

*/

/* Use this with templates/template-twocol.html */

html, body, div, span, applet, object, iframe,
h1, h2, h3, h4, h5, h6, p, blockquote, pre,
a, abbr, acronym, address, big, cite, code,
del, dfn, em, font, ins, kbd, q, s, samp,
small, strike, strong, sub, sup, tt, var,
dl, dt, dd, ol, ul, li,
fieldset, form, label, legend,
table, caption, tbody, tfoot, thead, tr, th, td {
	border: 0;
	font-family: inherit;
	font-size: 100%;
	font-style: inherit;
	font-weight: inherit;
	margin: 0;
	outline: 0;
	padding: 0;
	vertical-align: baseline;
}
html {
	font-size: 62.5%; /* Corrects text resizing oddly in IE6/7 when body font-size is set using em units http://clagnut.com/blog/348/#c790 */
	overflow-y: scroll; /* Keeps page centred in all browsers regardless of content height */
	-webkit-text-size-adjust: 100%; /* Prevents iOS text size adjust after orientation change, without disabling user zoom */
	-ms-text-size-adjust: 100%; /* www.456bereastreet.com/archive/201012/controlling_text_size_in_safari_for_ios_without_disabling_user_zoom/ */
}
body {
	background: #fff;
}
article,
aside,
details,
figcaption,
figure,
footer,
header,
hgroup,
nav,
section {
	display: block;
}
ol, ul {
	list-style: none;
}
table { /* tables still need 'cellspacing="0"' in the markup */
	border-collapse: separate;
	border-spacing: 0;
}
caption, th, td {
	font-weight: normal;
	text-align: left;
}
blockquote:before, blockquote:after,
q:before, q:after {
	content: "";
}
blockquote, q {
	quotes: "" "";
}
a:focus {
	outline: thin dotted;
}
a:hover,
a:active { /* Improves readability when focused and also mouse hovered in all browsers people.opera.com/patrickl/experiments/keyboard/test */
	outline: 0;
}
a img {
	border: 0;
}


/* =Global
----------------------------------------------- */
body,
button,
input,
select,
textarea {
	color: #666666;
	font-family: Open sans,sans-serif;
	font-size: 13px;
	font-size: 1.3rem;
	line-height: 1.6;
	
}

body{
	background:url(http://3.bp.blogspot.com/-n3Z1XykPGP4/URFzoEVMHuI/AAAAAAAAB5w/zGHpepFrZCo/s000/body.png) fixed;
}

/* Headings */
h1,h2,h3,h4,h5,h6 {
	clear: both;
}

h1 {
        font-size: 25px;
}

h2 {
        font-size: 23px;
}

h3 {
        font-size: 21px;
}

h4 {
        font-size: 19px;
}

h5 {
        font-size: 17px;
}

h6 {
        font-size: 15px;
}

/* `Spacing
----------------------------------------------------------------------------------------------------*/

ol {
        list-style: decimal;
}

ul {
        list-style: disc;
}

li {
        margin-left: 30px;
}

p,
dl,
hr,
h1,
h2,
h3,
h4,
h5,
h6,
ol,
ul,
pre,
table,
address,
fieldset {
        margin-bottom: 10px;
}

dt {
	font-weight: bold;
}
dd {
	margin: 0 1.5em 1.5em;
}
b, strong {
	font-weight: bold;
}
dfn, cite, em, i {
	font-style: italic;
}
blockquote {
	margin: 0 1.5em;
}
address {
	margin: 0 0 1.5em;
}
pre {
	background: #eee;
	font-family: "Courier 10 Pitch", Courier, monospace;
	font-size: 15px;
	font-size: 1.5rem;
	line-height: 1.6;
	margin-bottom: 1.6em;
	padding: 1.6em;
	overflow: auto;
	max-width: 100%;
}
code, kbd, tt, var {
	font: 15px Monaco, Consolas, "Andale Mono", "DejaVu Sans Mono", monospace;
}
abbr, acronym {
	border-bottom: 1px dotted #666;
	cursor: help;
}
mark, ins {
	background: #fff9c0;
	text-decoration: none;
}
sup,
sub {
	font-size: 75%;
	height: 0;
	line-height: 0;
	position: relative;
	vertical-align: baseline;
}
sup {
	bottom: 1ex;
}
sub {
	top: .5ex;
}
small {
	font-size: 75%;
}
big {
	font-size: 125%;
}
figure {
	margin: 0;
}
table {
	margin: 0 0 1.5em;
	width: 100%;
}
th {
	font-weight: bold;
}
button,
input,
select,
textarea {
	font-size: 100%; /* Corrects font size not being inherited in all browsers */
	margin: 0; /* Addresses margins set differently in IE6/7, F3/4, S5, Chrome */
	vertical-align: baseline; /* Improves appearance and consistency in all browsers */
	*vertical-align: middle; /* Improves appearance and consistency in all browsers */
}
button,
input {
	line-height: normal; /* Addresses FF3/4 setting line-height using !important in the UA stylesheet */
	*overflow: visible;  /* Corrects inner spacing displayed oddly in IE6/7 */
}
button,
html input[type="button"],
input[type="reset"],
input[type="submit"] {
	border: 1px solid #ccc;
	border-color: #ccc #ccc #bbb #ccc;
	border-radius: 3px;
	background: #fafafa; /* Old browsers */
	background: -moz-linear-gradient(top,  #fafafa 60%, #e6e6e6 100%); /* FF3.6+ */
	background: -webkit-gradient(linear, left top, left bottom, color-stop(60%,#fafafa), color-stop(100%,#e6e6e6)); /* Chrome,Safari4+ */
	background: -webkit-linear-gradient(top,  #fafafa 60%,#e6e6e6 100%); /* Chrome10+,Safari5.1+ */
	background: -o-linear-gradient(top,  #fafafa 60%,#e6e6e6 100%); /* Opera 11.10+ */
	background: -ms-linear-gradient(top,  #fafafa 60%,#e6e6e6 100%); /* IE10+ */
	background: linear-gradient(top,  #fafafa 60%,#e6e6e6 100%); /* W3C */
	filter: progid:DXImageTransform.Microsoft.gradient( startColorstr='#fafafa', endColorstr='#e6e6e6',GradientType=0 ); /* IE6-9 */
	box-shadow: inset 0 2px 1px #fff;
	color: rgba(0,0,0,.8);
	cursor: pointer; /* Improves usability and consistency of cursor style between image-type 'input' and others */
	-webkit-appearance: button; /* Corrects inability to style clickable 'input' types in iOS */
	font-size: 12px;
	font-size: 1.4rem;
	padding: 1.12em 1.5em .88em;
	text-shadow: 0 1px 0 rgba(255,255,255,.5);
}
button:hover,
html input[type="button"]:hover,
input[type="reset"]:hover,
input[type="submit"]:hover {
	background: #f5f5f5; /* Old browsers */
	background: -moz-linear-gradient(top,  #f5f5f5 60%, #dcdcdc 100%); /* FF3.6+ */
	background: -webkit-gradient(linear, left top, left bottom, color-stop(60%,#f5f5f5), color-stop(100%,#dcdcdc)); /* Chrome,Safari4+ */
	background: -webkit-linear-gradient(top,  #f5f5f5 60%,#dcdcdc 100%); /* Chrome10+,Safari5.1+ */
	background: -o-linear-gradient(top,  #f5f5f5 60%,#dcdcdc 100%); /* Opera 11.10+ */
	background: -ms-linear-gradient(top,  #f5f5f5 60%,#dcdcdc 100%); /* IE10+ */
	background: linear-gradient(top,  #f5f5f5 60%,#dcdcdc 100%); /* W3C */
	filter: progid:DXImageTransform.Microsoft.gradient( startColorstr='#f5f5f5', endColorstr='#dcdcdc',GradientType=0 ); /* IE6-9 */
	border-color: #bbb #bbb #aaa #bbb;
}
button:focus,
html input[type="button"]:focus,
input[type="reset"]:focus,
input[type="submit"]:focus,
button:active,
html input[type="button"]:active,
input[type="reset"]:active,
input[type="submit"]:active {
	border-color: #aaa #bbb #bbb #bbb;
	box-shadow: inset 0 2px 3px rgba(0,0,0,.15);
	box-shadow: inset 0 2px 2px rgba(0,0,0,.15);
}
input[type="checkbox"],
input[type="radio"] {
	box-sizing: border-box; /* Addresses box sizing set to content-box in IE8/9 */
	padding: 0; /* Addresses excess padding in IE8/9 */
}
input[type="search"] {
	-webkit-appearance: textfield; /* Addresses appearance set to searchfield in S5, Chrome */
	-moz-box-sizing: content-box;
	-webkit-box-sizing: content-box; /* Addresses box sizing set to border-box in S5, Chrome (include -moz to future-proof) */
	box-sizing: content-box;
}
input[type="search"]::-webkit-search-decoration { /* Corrects inner padding displayed oddly in S5, Chrome on OSX */
	-webkit-appearance: none;
}
button::-moz-focus-inner,
input::-moz-focus-inner { /* Corrects inner padding and border displayed oddly in FF3/4 www.sitepen.com/blog/2008/05/14/the-devils-in-the-details-fixing-dojos-toolbar-buttons/ */
	border: 0;
	padding: 0;
}
input[type=text],
input[type=email],
textarea {
	color: #666;
	border: 1px solid #ccc;
	border-radius: 3px;
}
input[type=text]:focus,
input[type=email]:focus,
textarea:focus {
	color: #111;
}
input[type=text],
input[type=email] {
	padding: 3px;
}
textarea {
	overflow: auto; /* Removes default vertical scrollbar in IE6/7/8/9 */
	padding-left: 3px;
	vertical-align: top; /* Improves readability and alignment in all browsers */
	width: 98%;
}

/* Links */
a {
	color: #B61F10;
	text-decoration: none;
}
a:visited {
	color: #B61F10;
}
a:hover,
a:focus,
a:active {
	color: #E51F0D;
}

/* =Containers
--------------------------------------------------------------------------------*/
.container_6
{
        margin-left: auto;
        margin-right: auto;
        width: 960px;
}

/* =Grid >> Global
--------------------------------------------------------------------------------*/
.grid_1,
.grid_2,
.grid_3,
.grid_4,
.grid_5,
.grid_6 {
        display: inline;
        float: left;
        margin-left: 20px;
        margin-right: 20px;
}

.push_1, .pull_1,
.push_2, .pull_2,
.push_3, .pull_3,
.push_4, .pull_4,
.push_5, .pull_5 {
        position: relative;
}

/* =Grid >> Children (Alpha ~ First, Omega ~ Last)
--------------------------------------------------------------------------------*/
.alpha {margin-left: 0;}
.omega {margin-right: 0;}

/* =Grid >> 6 Columns
--------------------------------------------------------------------------------*/
.container_6 .grid_1 {width: 120px;}
.container_6 .grid_2 {width: 280px;}
.container_6 .grid_3 {width: 440px;}
.container_6 .grid_4 {width: 600px;}
.container_6 .grid_5 {width: 760px;}
.container_6 .grid_6 {width: 920px;}

/* =Prefix Extra Space >> 6 Columns
--------------------------------------------------------------------------------*/
.container_6 .prefix_1 {padding-left: 160px;}
.container_6 .prefix_2 {padding-left: 320px;}
.container_6 .prefix_3 {padding-left: 480px;}
.container_6 .prefix_4 {padding-left: 640px;}
.container_6 .prefix_5 {padding-left: 800px;}

/* =Suffix Extra Space >> 6 Columns
--------------------------------------------------------------------------------*/
.container_6 .suffix_1 {padding-right: 160px;}
.container_6 .suffix_2 {padding-right: 320px;}
.container_6 .suffix_3 {padding-right: 480px;}
.container_6 .suffix_4 {padding-right: 640px;}
.container_6 .suffix_5 {padding-right: 800px;}

/* `Push Space >> 6 Columns
--------------------------------------------------------------------------------*/
.container_6 .push_1 {left: 160px;}
.container_6 .push_2 {left: 320px;}
.container_6 .push_3 {left: 480px;}
.container_6 .push_4 {left: 640px;}
.container_6 .push_5 {left: 800px;}

/* `Pull Space >> 6 Columns
--------------------------------------------------------------------------------*/
.container_6 .pull_1 {left: -160px;}
.container_6 .pull_2 {left: -320px;}
.container_6 .pull_3 {left: -480px;}
.container_6 .pull_4 {left: -640px;}
.container_6 .pull_5 {left: -800px;}

/* `Clear Floated Elements
----------------------------------------------------------------------------------------------------*/
/* http://sonspring.com/journal/clearing-floats */
.clear {
        clear: both;
        display: block;
        overflow: hidden;
        visibility: hidden;
        width: 0;
        height: 0;
}

/* http://www.yuiblog.com/blog/2010/09/27/clearfix-reloaded-overflowhidden-demystified */
.clearfix:before,
.clearfix:after {
        content: "\0020";
        display: block;
        overflow: hidden;
        visibility: hidden;
        width: 0;
        height: 0;
}
.clearfix:after {
        clear: both;
}
/*
The following zoom:1 rule is specifically for IE6 + IE7.
Move to separate stylesheet if invalid CSS is a problem.
*/
.clearfix {
        zoom: 1;
}

/* Header */
#masthead{
	background:#202020;
	-webkit-border-radius: 5px 5px 0px 0px;
	border-radius: 5px 5px 0px 0px; 
}
.top{
	padding:30px 0px 10px 0px;
}

.logo{
	float:left;
	width:400px;
	text-transform:uppercase;
	margin-left:20px;
}

h1.site-title{
	font-weight: 900;
	color:#444;
	font-size: 36px;
	line-height:120%;
	margin:0px 0px;
	text-shadow:1px 1px 0px #111;
}

h1.site-title a, h1.site-title a:visited{
	color:#fff;
}

h2.site-description{
	color:#ccc;
	font-size:15px;
}

.reach{
	float:right;
	margin-top:20px;
	color:#222;
	text-shadow:1px 1px 0px #fff;
}

.reach span{
	font-weight:900;
	text-transform:uppercase;
}

/* TOP-MENU */
	
#botmenu{
	margin:0px 0px 0px 0px;
	font-size: 14px;
	overflow:hidden;
	background:#303030 url(http://2.bp.blogspot.com/-nviYzqK4-qg/URFzojczjRI/AAAAAAAAB54/WLsIAPCc7Jk/s000/menu.png) repeat-x;
	border:1px solid #111;
	}
	
#submenu {
	margin: 0px 0px;
	padding:0px 0px;
	height:60px;
	}
	
#submenu ul {
	width: auto;
	float:left;
	list-style: none;
	margin: 0;
	padding: 0 10px;
	}
	
#submenu li {
	float: left;
	list-style: none;
	margin: 0;
	padding: 0;
	color: #222;
	font-weight:400;
	}
	
#submenu li a {
	color: #ccc;
	display: block;
    margin: 0;
	padding: 20px 10px 21px 10px;
	text-decoration: none;
	position: relative;
	}

#submenu li a:hover, #submenu li a:active, #submenu .current_page_item a  {
	color: #fff;
	background:#3f3f3f url(http://3.bp.blogspot.com/-iqp9iusVHWU/URFzo0qq8pI/AAAAAAAAB6A/lATDtUzMBfg/s000/menua.png) repeat-x;
	}
	
#submenu li a.sf-with-ul {
	padding-right: 10px;
	}
	
#submenu li ul li a, #submenu li ul li a:link, #submenu li ul li a:visited,
#submenu li ul li ul li a, #submenu li ul li ul li a:link, #submenu li ul li ul li a:visited,
#submenu li ul li ul li ul li a, #submenu li ul li ul li ul li a:link, #submenu li ul li ul li ul li a:visited {
	color: #aaa;
	width: 148px; 
	margin: 0;
	padding: 10px 10px;
	border-top:1px solid #3a3a3a;
	position: relative;
	font-weight:400;
	}
	
#submenu ul li ul li:first-child a,#submenu ul li ul li ul li:first-child a,#submenu ul li ul li ul li ul li:first-child a  {
	border-top:none;

}
	
#submenu li li a:hover, #submenu li li a:active {
	color: #eee; 
	background:#272727;
	}

#submenu li ul {
	z-index: 9999;
	position: absolute;
	left: -999em;
	height: auto;
	width: 170px;
	margin: 0px 0px 0px 0px;
	padding: 5px 5px;
	background:#2d2d2d;
	border:1px solid #111;
	}

#submenu li ul a { 
	width: 150px;
	}

#submenu li ul a:hover, #submenu li ul a:active { 
	}

#submenu li ul ul {
	margin: -48px 0 0 181px;
	}

#submenu li:hover ul ul, #submenu li:hover ul ul ul, #submenu li.sfHover ul ul, #submenu li.sfHover ul ul ul {
	left: -999em;
	}

#submenu li:hover ul, #submenu li li:hover ul, #submenu li li li:hover ul, #submenu li.sfHover ul, #submenu li li.sfHover ul, #submenu li li li.sfHover ul {
	left: auto;
	}

#submenu li:hover, #submenu li.sfHover { 
	position: static;
	}
	
/* Slider */


#slider{
	width:960px;
	height:400px;
	overflow:hidden;
	}

/* Intro */

.intro{
	background:#2c2c2c;
}

.intro-text{
	width:860px;
	margin:0px auto;
	padding:20px 0px;
	color:#eee;
	font-size:28px;
	font-weight:300;
	text-align:center;
	text-shadow: 1px 1px 0px #000;
}

/* Layout */
#page{
	margin:50px auto;
	-webkit-box-shadow:  0px 0px 5px 2px #333;
    box-shadow:  0px 0px 5px 2px #333;
}

#main{
	background: #fff;
}

#primary, #secondary{
	margin-top:20px ;
	margin-bottom:20px;
}

#primary{
	width:640px;
	float:left;
    word-wrap:break-word;
	overflow:hidden;
}

#secondary{
	float:right;
	word-wrap:break-word;
	overflow:hidden;
}

h1.page-title{
	margin:0px 20px 20px 20px;
	font-size:18px;
   	color:#A5130F;
}
/* Articles */
a.box-image{
	display:block;
	margin-bottom: 20px;
}

.box-image img{
	display:block;
}
.entry-header{
	
}

h2.entry-title{
	font-size:18px;
	margin:0px 0px 5px 0px ;
	font-weight:700;
		color:#222;
}

h2.entry-title a:link, h2.entry-title a:visited{
	color:#222;
}

.entry-meta{
	font-size:10px;
	text-transform:uppercase;
}

/* =Content
----------------------------------------------- */
.sticky {
}
.hentry {
	margin: 0 0 20px;
}
.entry-meta {
	clear: both;
}
.byline {
}
.single .byline,
.group-blog .byline {
	display: inline;
}
.entry-content,
.entry-summary {
	margin: 10px 0 0;
}
.page-links {
	clear: both;
	margin: 0 0 1.5em;
}

/* Make sure embeds and iframes fit their containers */
embed,
iframe,
object {
	max-width: 100%;
}

/* Searchform 
------------------------------------------------*/
.reach{
	margin-right:20px;
	
}
input#s{
	padding:5px 10px;
	width:190px;
	background:#3a3a3a;
	border:1px solid #555;
	color:#eee;
}

input#searchsubmit{
	padding:4px 10px;
   background: #b30c09;
   border:1px solid #E5110D;
   box-shadow:none;
   color:#fff;
  }

/* Sidebar 
------------------------------------------------*/
.sidebar {
  color: #666666;
}

.sidebar a {
  text-decoration: none;
  color: #666666;
}

.sidebar a:hover {
  text-decoration: none;
  color: #000000;
}

.sidebar .widget {
  margin: 0 0 25px 0;
  padding: 0;
}

.sidebar .widget h2 {
  font-size: 18px;
  margin: 0 0 20px 0;
  padding-bottom: 10px;
  border-bottom: 3px solid #dddddd;
  color: #A5130F;
}

.sidebar .widget-content {
  margin: 0;
  padding: 0;
  line-height: 18px;
}

.sidebar ul {
  list-style-type: none;
  list-style: none;
  margin: 0;
  padding: 0;
}

.sidebar ul li {
  padding: 5px;
  margin: 0;
  border-bottom: 1px solid #ffffff;
}

/* Footer widgets */
#bottom{
	margin:0px;
	padding:0px;
	background:#2c2c2c;
	border-top:5px solid #ddd;
	border-bottom:5px solid #161616;
}

#bottom ul{
	margin:0px;
	padding:0px;
}
	
.botwid{
	padding:30px 0px;
	color:#d8d8d8;
	list-style:none;
	}
	
.botwid .widget h2{
    font-size: 18px;
    margin-bottom: 20px;
    color:#fff;
    font-weight:400;
	}
	
.botwid ul {
	list-style-type: none;
	margin:  0px;
	padding: 0px 0px 0px 0px ;
	}
	
.botwid li{
	list-style-type: none;
	margin: 0 ;
	padding: 0px 0px;
	border-bottom:1px solid #3a3a3a;
	}
	
.botwid ul ul  {
	list-style-type: none;
	margin: 0;
	padding: 0px 0px 0px 0px;
	background-repeat:no-repeat;
	}

.botwid ul ul ul{
	list-style-type: none;
	margin: 0;
	padding: 0;
	border:0;
	}

.botwid ul ul ul ul{
	list-style-type: none;
	margin: 0;
	padding: 0;
	border:0;
	}

.botwid ul li {
	height:100%;
	line-height:18px;
	clear: left;	
	list-style-type: none;
	}
	
.botwid .widget ul li {
	padding: 5px 0px !important;
	}
	
.botwid ul li a:link, .botwid ul li a:visited  {
	color: #aaa;
	text-decoration: none;
	padding: 7px 0px 7px 0px;
	}

.botwid ul li a:hover{
	color: #fff;
	}

.botwid p{
	padding: 7px 0px;
	margin:0;
	line-height:150%;
	}

/* Footer */

.site-footer{
	background: #212121;
	padding:20px 0px;
	-webkit-border-radius: 0px 0px 5px 5px;
	border-radius: 0px 0px 5px 5px; 
}

.site-info{
	text-align:center;
	color:#ddd;
}

.site-info a{
	color:#ddd;
}

/* Browser Resets */
.flex-container a:active,
.flexslider a:active,
.flex-container a:focus,
.flexslider a:focus  {outline: none;}
.slides,
.flex-control-nav,
.flex-direction-nav {margin: 0; padding: 0; list-style: none;}

/* FlexSlider Necessary Styles
*********************************/
.flexslider {margin: 0; padding: 0; height:400px;}
.flexslider .slides > li  { margin:0px; display: none; -webkit-backface-visibility: hidden;} /* Hide the slides before the JS is loaded. Avoids image jumping */
.flexslider .slides img {max-width: 100%; display: block;}
.flex-pauseplay span {text-transform: capitalize;}

/* Clearfix for the .slides element */
.slides:after {content: "."; display: block; clear: both; visibility: hidden; line-height: 0; height: 0;}
html[xmlns] .slides {display: block;}
* html .slides {height: 1%;}

/* No JavaScript Fallback */
/* If you are not using another script, such as Modernizr, make sure you
 * include js that eliminates this class on page load */
.no-js .slides > li:first-child {display: block;}


/* FlexSlider Default Theme
*********************************/
.flexslider {position: relative;  zoom: 1;}
.flexslider .slides {zoom: 1;}
.flexslider .slides > li {position: relative;}
/* Suggested container for "Slide" animation setups. Can replace this with your own, if you wish */
.flex-container {zoom: 1; position: relative;}

/* Caption style */
/* IE rgba() hack */
.flex-caption {background:url(http://3.bp.blogspot.com/-FOVTBm1KsDE/URFzpQz3ymI/AAAAAAAAB6I/Bygj5hx7NGo/s000/caption.png); zoom: 1; font-size:14px; line-height:150%;}

.flex-caption h3{ margin-top:50px; color:#fff; text-transform:uppercase; font-weight:800; font-size:24px;}

.flex-caption { height:340px; width:330px; padding: 30px 30px 30px 70px; margin: 0; position: absolute; right: 0; top: 0; font-size: 13px; color:#e8e5e5; }

/* Direction Nav */
.flex-direction-nav { height: 0; }
.flex-direction-nav li a {width: 35px; height: 30px; margin: 0px 0 0; display: block; background: url(images/direction.png) no-repeat; position: absolute; bottom: 0; cursor: pointer; text-indent: -999em;}
.flex-direction-nav li .next {background-position: -35px 0; right: 265px;}
.flex-direction-nav li .prev {right: 300px;}
.flex-direction-nav li .disabled {opacity: .3; filter:alpha(opacity=30); cursor: default;}

/* Control Nav */
.flex-control-nav {width: 330px; position: absolute; bottom: 20px; right:30px;  }
.flex-control-nav li {margin: 0 0 0 5px; display: inline-block; zoom: 1; *display: inline;}
.flex-control-nav li:first-child {margin: 0;}
.flex-control-nav li a {width: 16px; height: 16px; display: block; background:url(http://2.bp.blogspot.com/-SodzDLXF-Xc/URFzpxUbztI/AAAAAAAAB6Q/PinIxiht7MY/s000/dot.png); cursor: pointer;  text-indent: -999em;}
.flex-control-nav li a:hover {background-position: 0 -16px;}
.flex-control-nav li a.active {background-position: 0 -32px; cursor: default;}

h2.date-header {
  margin: 1.5em 0 .5em;
  display: none;
}

.main .widget {
  margin: 0 0 5px;
  padding: 0 0 2px;
}

.main .Blog {
  border-bottom-width: 0;
}

#header .description {
  color:#ffffff;
  font-size:14px;
  text-shadow:0px 1px 0px #000000;
}

/* Comments----------------------------------------------- */
#comments {
	padding:10px;
}

#comment-name-url {
  width: 365px;
  float: left;
}

#comment-date {
  width: 365px;
  float: left;
  margin-top: 5px;
  font-size: 10px;
}

#comment-header {
  float: left;
  padding: 5px 0 40px 10px;
  margin: 5px 0 15px 0;
  position: relative;
  background-color: #ffffff;
  border: 1px dashed #eeeeee;
}

.avatar-image-container {
  background: url(http: //4.bp.blogspot.com/_4HKUHirY_2U/TLlJUqSaolI/AAAAAAAAEq4/qpgAHAOe9x0/s1600/comment-avatar.jpg);
  width: 32px;
  height: 32px;
  float: right;
  margin: 5px 10px 5px 5px;
  border: 1px solid #dddddd;
}

.avatar-image-container img {
  width: 32px;
  height: 32px;
}

a.comments-autor-name {
  color: #000000;
  font: normal bold 14px Arial, Tahoma, Verdana;
}

a.says {
  color: #000000;
  font: normal 14px Arial, Tahoma, Verdana;
}

.says a:hover {
  text-decoration: none;
}

.deleted-comment {
  font-style: italic;
  color: gray;
}

#blog-pager-newer-link {
  float: left;
}

#blog-pager-older-link {
  float: right;
}

#blog-pager {
  text-align: center;
}

.feed-links {
  clear: both;
}

/* Profile ----------------------------------------------- */
.profile-img {
  float: left;
  margin-top: 0;
  margin-right: 5px;
  margin-bottom: 5px;
  margin-left: 0;
  padding: 4px;
  border: 1px solid #eeeeee;
}

.profile-data {
  margin: 0;
  text-transform: uppercase;
  letter-spacing: .1em;
  color: #000000;
  font-weight: bold;
  line-height: 1.6em;
}

.profile-datablock {
  margin: .5em 0 .5em;
}

.profile-textblock {
  margin: 0.5em 0;
  line-height: 1.6em;
}

.avatar-image-container {
  background: url(http://4.bp.blogspot.com/-o2c_Y0ihjxM/URFzqD6x4jI/AAAAAAAAB6Y/17mxlU5BnJw/s000/comment-avatar.jpg);
  width: 32px;
  height: 32px;
  float: right;
  margin: 5px 10px 5px 5px;
  border: 1px solid #dddddd;
}

.avatar-image-container img {
  width: 32px;
  height: 32px;
}

.profile-link {
  text-transform: uppercase;
  letter-spacing: .1em;
}

.comment-form {
  max-width: 600px;
}

#navbar-iframe {
  height: 0;
  visibility: hidden;
  display: none;
}

.cover {
  float: left;
  width: 100%;
}

.PopularPosts .widget-content ul li {
  padding:6px 0px;
}

.reaction-buttons table{
  border:none;
  margin-bottom:5px;
}

.reaction-buttons table, .reaction-buttons td{
  border:none;
}

]]></b:skin>

<script src='https://ajax.googleapis.com/ajax/libs/jquery/1.8.0/jquery.min.js' type='text/javascript'/>

<script type='text/javascript'>
//<![CDATA[

/*
 * jQuery FlexSlider v1.8
 * http://www.woothemes.com/flexslider/
 *
 * Copyright 2012 WooThemes
 * Free to use under the MIT license.
 * http://www.opensource.org/licenses/mit-license.php
 *
 * Contributing Author: Tyler Smith
 */
(function(a){a.flexslider=function(c,b){var d=a(c);a.data(c,"flexslider",d);d.init=function(){d.vars=a.extend({},a.flexslider.defaults,b);a.data(c,"flexsliderInit",true);d.container=a(".slides",d).first();d.slides=a(".slides:first > li",d);d.count=d.slides.length;d.animating=false;d.currentSlide=d.vars.slideToStart;d.animatingTo=d.currentSlide;d.atEnd=(d.currentSlide==0)?true:false;d.eventType=("ontouchstart" in document.documentElement)?"touchstart":"click";d.cloneCount=0;d.cloneOffset=0;d.manualPause=false;d.vertical=(d.vars.slideDirection=="vertical");d.prop=(d.vertical)?"top":"marginLeft";d.args={};d.transitions="webkitTransition" in document.body.style;if(d.transitions){d.prop="-webkit-transform"}if(d.vars.controlsContainer!=""){d.controlsContainer=a(d.vars.controlsContainer).eq(a(".slides").index(d.container));d.containerExists=d.controlsContainer.length>0}if(d.vars.manualControls!=""){d.manualControls=a(d.vars.manualControls,((d.containerExists)?d.controlsContainer:d));d.manualExists=d.manualControls.length>0}if(d.vars.randomize){d.slides.sort(function(){return(Math.round(Math.random())-0.5)});d.container.empty().append(d.slides)}if(d.vars.animation.toLowerCase()=="slide"){if(d.transitions){d.setTransition(0)}d.css({overflow:"hidden"});if(d.vars.animationLoop){d.cloneCount=2;d.cloneOffset=1;d.container.append(d.slides.filter(":first").clone().addClass("clone")).prepend(d.slides.filter(":last").clone().addClass("clone"))}d.newSlides=a(".slides:first > li",d);var m=(-1*(d.currentSlide+d.cloneOffset));if(d.vertical){d.newSlides.css({display:"block",width:"100%","float":"left"});d.container.height((d.count+d.cloneCount)*200+"%").css("position","absolute").width("100%");setTimeout(function(){d.css({position:"relative"}).height(d.slides.filter(":first").height());d.args[d.prop]=(d.transitions)?"translate3d(0,"+m*d.height()+"px,0)":m*d.height()+"px";d.container.css(d.args)},100)}else{d.args[d.prop]=(d.transitions)?"translate3d("+m*d.width()+"px,0,0)":m*d.width()+"px";d.container.width((d.count+d.cloneCount)*200+"%").css(d.args);setTimeout(function(){d.newSlides.width(d.width()).css({"float":"left",display:"block"})},100)}}else{d.transitions=false;d.slides.css({width:"100%","float":"left",marginRight:"-100%"}).eq(d.currentSlide).fadeIn(d.vars.animationDuration)}if(d.vars.controlNav){if(d.manualExists){d.controlNav=d.manualControls}else{var e=a('<ol class="flex-control-nav"></ol>');var s=1;for(var t=0;t<d.count;t++){e.append("<li><a>"+s+"</a></li>");s++}if(d.containerExists){a(d.controlsContainer).append(e);d.controlNav=a(".flex-control-nav li a",d.controlsContainer)}else{d.append(e);d.controlNav=a(".flex-control-nav li a",d)}}d.controlNav.eq(d.currentSlide).addClass("active");d.controlNav.bind(d.eventType,function(i){i.preventDefault();if(!a(this).hasClass("active")){(d.controlNav.index(a(this))>d.currentSlide)?d.direction="next":d.direction="prev";d.flexAnimate(d.controlNav.index(a(this)),d.vars.pauseOnAction)}})}if(d.vars.directionNav){var v=a('<ul class="flex-direction-nav"><li><a class="prev" href="#">'+d.vars.prevText+'</a></li><li><a class="next" href="#">'+d.vars.nextText+"</a></li></ul>");if(d.containerExists){a(d.controlsContainer).append(v);d.directionNav=a(".flex-direction-nav li a",d.controlsContainer)}else{d.append(v);d.directionNav=a(".flex-direction-nav li a",d)}if(!d.vars.animationLoop){if(d.currentSlide==0){d.directionNav.filter(".prev").addClass("disabled")}else{if(d.currentSlide==d.count-1){d.directionNav.filter(".next").addClass("disabled")}}}d.directionNav.bind(d.eventType,function(i){i.preventDefault();var j=(a(this).hasClass("next"))?d.getTarget("next"):d.getTarget("prev");if(d.canAdvance(j)){d.flexAnimate(j,d.vars.pauseOnAction)}})}if(d.vars.keyboardNav&&a("ul.slides").length==1){function h(i){if(d.animating){return}else{if(i.keyCode!=39&&i.keyCode!=37){return}else{if(i.keyCode==39){var j=d.getTarget("next")}else{if(i.keyCode==37){var j=d.getTarget("prev")}}if(d.canAdvance(j)){d.flexAnimate(j,d.vars.pauseOnAction)}}}}a(document).bind("keyup",h)}if(d.vars.mousewheel){d.mousewheelEvent=(/Firefox/i.test(navigator.userAgent))?"DOMMouseScroll":"mousewheel";d.bind(d.mousewheelEvent,function(y){y.preventDefault();y=y?y:window.event;var i=y.detail?y.detail*-1:y.originalEvent.wheelDelta/40,j=(i<0)?d.getTarget("next"):d.getTarget("prev");if(d.canAdvance(j)){d.flexAnimate(j,d.vars.pauseOnAction)}})}if(d.vars.slideshow){if(d.vars.pauseOnHover&&d.vars.slideshow){d.hover(function(){d.pause()},function(){if(!d.manualPause){d.resume()}})}d.animatedSlides=setInterval(d.animateSlides,d.vars.slideshowSpeed)}if(d.vars.pausePlay){var q=a('<div class="flex-pauseplay"><span></span></div>');if(d.containerExists){d.controlsContainer.append(q);d.pausePlay=a(".flex-pauseplay span",d.controlsContainer)}else{d.append(q);d.pausePlay=a(".flex-pauseplay span",d)}var n=(d.vars.slideshow)?"pause":"play";d.pausePlay.addClass(n).text((n=="pause")?d.vars.pauseText:d.vars.playText);d.pausePlay.bind(d.eventType,function(i){i.preventDefault();if(a(this).hasClass("pause")){d.pause();d.manualPause=true}else{d.resume();d.manualPause=false}})}if("ontouchstart" in document.documentElement){var w,u,l,r,o,x,p=false;d.each(function(){if("ontouchstart" in document.documentElement){this.addEventListener("touchstart",g,false)}});function g(i){if(d.animating){i.preventDefault()}else{if(i.touches.length==1){d.pause();r=(d.vertical)?d.height():d.width();x=Number(new Date());l=(d.vertical)?(d.currentSlide+d.cloneOffset)*d.height():(d.currentSlide+d.cloneOffset)*d.width();w=(d.vertical)?i.touches[0].pageY:i.touches[0].pageX;u=(d.vertical)?i.touches[0].pageX:i.touches[0].pageY;d.setTransition(0);this.addEventListener("touchmove",k,false);this.addEventListener("touchend",f,false)}}}function k(i){o=(d.vertical)?w-i.touches[0].pageY:w-i.touches[0].pageX;p=(d.vertical)?(Math.abs(o)<Math.abs(i.touches[0].pageX-u)):(Math.abs(o)<Math.abs(i.touches[0].pageY-u));if(!p){i.preventDefault();if(d.vars.animation=="slide"&&d.transitions){if(!d.vars.animationLoop){o=o/((d.currentSlide==0&&o<0||d.currentSlide==d.count-1&&o>0)?(Math.abs(o)/r+2):1)}d.args[d.prop]=(d.vertical)?"translate3d(0,"+(-l-o)+"px,0)":"translate3d("+(-l-o)+"px,0,0)";d.container.css(d.args)}}}function f(j){d.animating=false;if(d.animatingTo==d.currentSlide&&!p&&!(o==null)){var i=(o>0)?d.getTarget("next"):d.getTarget("prev");if(d.canAdvance(i)&&Number(new Date())-x<550&&Math.abs(o)>20||Math.abs(o)>r/2){d.flexAnimate(i,d.vars.pauseOnAction)}else{d.flexAnimate(d.currentSlide,d.vars.pauseOnAction)}}this.removeEventListener("touchmove",k,false);this.removeEventListener("touchend",f,false);w=null;u=null;o=null;l=null}}if(d.vars.animation.toLowerCase()=="slide"){a(window).resize(function(){if(!d.animating&&d.is(":visible")){if(d.vertical){d.height(d.slides.filter(":first").height());d.args[d.prop]=(-1*(d.currentSlide+d.cloneOffset))*d.slides.filter(":first").height()+"px";if(d.transitions){d.setTransition(0);d.args[d.prop]=(d.vertical)?"translate3d(0,"+d.args[d.prop]+",0)":"translate3d("+d.args[d.prop]+",0,0)"}d.container.css(d.args)}else{d.newSlides.width(d.width());d.args[d.prop]=(-1*(d.currentSlide+d.cloneOffset))*d.width()+"px";if(d.transitions){d.setTransition(0);d.args[d.prop]=(d.vertical)?"translate3d(0,"+d.args[d.prop]+",0)":"translate3d("+d.args[d.prop]+",0,0)"}d.container.css(d.args)}}})}d.vars.start(d)};d.flexAnimate=function(g,f){if(!d.animating&&d.is(":visible")){d.animating=true;d.animatingTo=g;d.vars.before(d);if(f){d.pause()}if(d.vars.controlNav){d.controlNav.removeClass("active").eq(g).addClass("active")}d.atEnd=(g==0||g==d.count-1)?true:false;if(!d.vars.animationLoop&&d.vars.directionNav){if(g==0){d.directionNav.removeClass("disabled").filter(".prev").addClass("disabled")}else{if(g==d.count-1){d.directionNav.removeClass("disabled").filter(".next").addClass("disabled")}else{d.directionNav.removeClass("disabled")}}}if(!d.vars.animationLoop&&g==d.count-1){d.pause();d.vars.end(d)}if(d.vars.animation.toLowerCase()=="slide"){var e=(d.vertical)?d.slides.filter(":first").height():d.slides.filter(":first").width();if(d.currentSlide==0&&g==d.count-1&&d.vars.animationLoop&&d.direction!="next"){d.slideString="0px"}else{if(d.currentSlide==d.count-1&&g==0&&d.vars.animationLoop&&d.direction!="prev"){d.slideString=(-1*(d.count+1))*e+"px"}else{d.slideString=(-1*(g+d.cloneOffset))*e+"px"}}d.args[d.prop]=d.slideString;if(d.transitions){d.setTransition(d.vars.animationDuration);d.args[d.prop]=(d.vertical)?"translate3d(0,"+d.slideString+",0)":"translate3d("+d.slideString+",0,0)";d.container.css(d.args).one("webkitTransitionEnd transitionend",function(){d.wrapup(e)})}else{d.container.animate(d.args,d.vars.animationDuration,function(){d.wrapup(e)})}}else{d.slides.eq(d.currentSlide).fadeOut(d.vars.animationDuration);d.slides.eq(g).fadeIn(d.vars.animationDuration,function(){d.wrapup()})}}};d.wrapup=function(e){if(d.vars.animation=="slide"){if(d.currentSlide==0&&d.animatingTo==d.count-1&&d.vars.animationLoop){d.args[d.prop]=(-1*d.count)*e+"px";if(d.transitions){d.setTransition(0);d.args[d.prop]=(d.vertical)?"translate3d(0,"+d.args[d.prop]+",0)":"translate3d("+d.args[d.prop]+",0,0)"}d.container.css(d.args)}else{if(d.currentSlide==d.count-1&&d.animatingTo==0&&d.vars.animationLoop){d.args[d.prop]=-1*e+"px";if(d.transitions){d.setTransition(0);d.args[d.prop]=(d.vertical)?"translate3d(0,"+d.args[d.prop]+",0)":"translate3d("+d.args[d.prop]+",0,0)"}d.container.css(d.args)}}}d.animating=false;d.currentSlide=d.animatingTo;d.vars.after(d)};d.animateSlides=function(){if(!d.animating){d.flexAnimate(d.getTarget("next"))}};d.pause=function(){clearInterval(d.animatedSlides);if(d.vars.pausePlay){d.pausePlay.removeClass("pause").addClass("play").text(d.vars.playText)}};d.resume=function(){d.animatedSlides=setInterval(d.animateSlides,d.vars.slideshowSpeed);if(d.vars.pausePlay){d.pausePlay.removeClass("play").addClass("pause").text(d.vars.pauseText)}};d.canAdvance=function(e){if(!d.vars.animationLoop&&d.atEnd){if(d.currentSlide==0&&e==d.count-1&&d.direction!="next"){return false}else{if(d.currentSlide==d.count-1&&e==0&&d.direction=="next"){return false}else{return true}}}else{return true}};d.getTarget=function(e){d.direction=e;if(e=="next"){return(d.currentSlide==d.count-1)?0:d.currentSlide+1}else{return(d.currentSlide==0)?d.count-1:d.currentSlide-1}};d.setTransition=function(e){d.container.css({"-webkit-transition-duration":(e/1000)+"s"})};d.init()};a.flexslider.defaults={animation:"fade",slideDirection:"horizontal",slideshow:true,slideshowSpeed:7000,animationDuration:600,directionNav:true,controlNav:true,keyboardNav:true,mousewheel:false,prevText:"Previous",nextText:"Next",pausePlay:false,pauseText:"Pause",playText:"Play",randomize:false,slideToStart:0,animationLoop:true,pauseOnAction:true,pauseOnHover:false,controlsContainer:"",manualControls:"",start:function(){},before:function(){},after:function(){},end:function(){}};a.fn.flexslider=function(b){return this.each(function(){if(a(this).find(".slides li").length==1){a(this).find(".slides li").fadeIn(400)}else{if(a(this).data("flexsliderInit")!=true){new a.flexslider(this,b)}}})}})(jQuery);

//]]>
</script>

<script type='text/javascript'>
//<![CDATA[

/*
 * Superfish v1.4.8 - jQuery menu widget
 * Copyright (c) 2008 Joel Birch
 *
 * Dual licensed under the MIT and GPL licenses:
 * 	http://www.opensource.org/licenses/mit-license.php
 * 	http://www.gnu.org/licenses/gpl.html
 *
 * CHANGELOG: http://users.tpg.com.au/j_birch/plugins/superfish/changelog.txt
 */
(function($){$.fn.superfish=function(op){var sf=$.fn.superfish,c=sf.c,$arrow=$(['<span class="',c.arrowClass,'"> &#xbb;</span>'].join("")),over=function(){var $$=$(this),menu=getMenu($$);clearTimeout(menu.sfTimer);$$.showSuperfishUl().siblings().hideSuperfishUl();},out=function(){var $$=$(this),menu=getMenu($$),o=sf.op;clearTimeout(menu.sfTimer);menu.sfTimer=setTimeout(function(){o.retainPath=($.inArray($$[0],o.$path)>-1);$$.hideSuperfishUl();if(o.$path.length&&$$.parents(["li.",o.hoverClass].join("")).length<1){over.call(o.$path);}},o.delay);},getMenu=function($menu){var menu=$menu.parents(["ul.",c.menuClass,":first"].join(""))[0];sf.op=sf.o[menu.serial];return menu;},addArrow=function($a){$a.addClass(c.anchorClass).append($arrow.clone());};return this.each(function(){var s=this.serial=sf.o.length;var o=$.extend({},sf.defaults,op);o.$path=$("li."+o.pathClass,this).slice(0,o.pathLevels).each(function(){$(this).addClass([o.hoverClass,c.bcClass].join(" ")).filter("li:has(ul)").removeClass(o.pathClass);});sf.o[s]=sf.op=o;$("li:has(ul)",this)[($.fn.hoverIntent&&!o.disableHI)?"hoverIntent":"hover"](over,out).each(function(){if(o.autoArrows){addArrow($(">a:first-child",this));}}).not("."+c.bcClass).hideSuperfishUl();var $a=$("a",this);$a.each(function(i){var $li=$a.eq(i).parents("li");$a.eq(i).focus(function(){over.call($li);}).blur(function(){out.call($li);});});o.onInit.call(this);}).each(function(){var menuClasses=[c.menuClass];if(sf.op.dropShadows&&!($.browser.msie&&$.browser.version<7)){menuClasses.push(c.shadowClass);}$(this).addClass(menuClasses.join(" "));});};var sf=$.fn.superfish;sf.o=[];sf.op={};sf.IE7fix=function(){var o=sf.op;if($.browser.msie&&$.browser.version>6&&o.dropShadows&&o.animation.opacity!=undefined){this.toggleClass(sf.c.shadowClass+"-off");}};sf.c={bcClass:"sf-breadcrumb",menuClass:"sf-js-enabled",anchorClass:"sf-with-ul",arrowClass:"sf-sub-indicator",shadowClass:"sf-shadow"};sf.defaults={hoverClass:"sfHover",pathClass:"overideThisToUse",pathLevels:1,delay:800,animation:{opacity:"show"},speed:"normal",autoArrows:true,dropShadows:true,disableHI:false,onInit:function(){},onBeforeShow:function(){},onShow:function(){},onHide:function(){}};$.fn.extend({hideSuperfishUl:function(){var o=sf.op,not=(o.retainPath===true)?o.$path:"";o.retainPath=false;var $ul=$(["li.",o.hoverClass].join(""),this).add(this).not(not).removeClass(o.hoverClass).find(">ul").hide().css("visibility","hidden");o.onHide.call($ul);return this;},showSuperfishUl:function(){var o=sf.op,sh=sf.c.shadowClass+"-off",$ul=this.addClass(o.hoverClass).find(">ul:hidden").css("visibility","visible");sf.IE7fix.call($ul);o.onBeforeShow.call($ul);$ul.animate(o.animation,o.speed,function(){sf.IE7fix.call($ul);o.onShow.call($ul);});return this;}});})(jQuery);

//]]>
</script>

<script type='text/javascript'>
//<![CDATA[

jQuery(document).ready(function() {
	
/* Navigation */
	jQuery('#submenu ul.sfmenu').superfish({ 
		delay:       500,								// 0.1 second delay on mouseout 
		animation:   {opacity:'show',height:'show'},	// fade-in and slide-down animation 
		dropShadows: true								// disable drop shadows 
	});

/* Responsive slides */
	jQuery('.flexslider').flexslider({
		controlNav: true,               //Boolean: Create navigation for paging control of each clide? Note: Leave true for manualControls usage
		directionNav: false 
	});	

 jQuery('#content .grid_2:odd').after('<div class="clear"></div>');

});

//]]>
</script>

<script type='text/javascript'>
//<![CDATA[

function showrecentcomments(json){for(var i=0;i<a_rc;i++){var b_rc=json.feed.entry[i];var c_rc;if(i==json.feed.entry.length)break;for(var k=0;k<b_rc.link.length;k++){if(b_rc.link[k].rel=='alternate'){c_rc=b_rc.link[k].href;break;}}c_rc=c_rc.replace("#","#comment-");var d_rc=c_rc.split("#");d_rc=d_rc[0];var e_rc=d_rc.split("/");e_rc=e_rc[5];e_rc=e_rc.split(".html");e_rc=e_rc[0];var f_rc=e_rc.replace(/-/g," ");f_rc=f_rc.link(d_rc);var g_rc=b_rc.published.$t;var h_rc=g_rc.substring(0,4);var i_rc=g_rc.substring(5,7);var j_rc=g_rc.substring(8,10);var k_rc=new Array();k_rc[1]="Jan";k_rc[2]="Feb";k_rc[3]="Mar";k_rc[4]="Apr";k_rc[5]="May";k_rc[6]="Jun";k_rc[7]="Jul";k_rc[8]="Aug";k_rc[9]="Sep";k_rc[10]="Oct";k_rc[11]="Nov";k_rc[12]="Dec";if("content" in b_rc){var l_rc=b_rc.content.$t;}else if("summary" in b_rc){var l_rc=b_rc.summary.$t;}else var l_rc="";var re=/<\S[^>]*>/g;l_rc=l_rc.replace(re,"");if(m_rc==true)document.write('On '+k_rc[parseInt(i_rc,10)]+' '+j_rc+' ');document.write('<a href="'+c_rc+'">'+b_rc.author[0].name.$t+'</a> commented');if(n_rc==true)document.write(' on '+f_rc);document.write(': ');if(l_rc.length<o_rc){document.write('<i>&#8220;');document.write(l_rc);document.write('&#8221;</i><br/><br/>');}else{document.write('<i>&#8220;');l_rc=l_rc.substring(0,o_rc);var p_rc=l_rc.lastIndexOf(" ");l_rc=l_rc.substring(0,p_rc);document.write(l_rc+'&hellip;&#8221;</i>');document.write('<br/><br/>');}}}

function rp(json){document.write('<ul>');for(var i=0;i<numposts;i++){document.write('<li>');var entry=json.feed.entry[i];var posttitle=entry.title.$t;var posturl;if(i==json.feed.entry.length)break;for(var k=0;k<entry.link.length;k++){if(entry.link[k].rel=='alternate'){posturl=entry.link[k].href;break}}posttitle=posttitle.link(posturl);var readmorelink="(more)";readmorelink=readmorelink.link(posturl);var postdate=entry.published.$t;var cdyear=postdate.substring(0,4);var cdmonth=postdate.substring(5,7);var cdday=postdate.substring(8,10);var monthnames=new Array();monthnames[1]="Jan";monthnames[2]="Feb";monthnames[3]="Mar";monthnames[4]="Apr";monthnames[5]="May";monthnames[6]="Jun";monthnames[7]="Jul";monthnames[8]="Aug";monthnames[9]="Sep";monthnames[10]="Oct";monthnames[11]="Nov";monthnames[12]="Dec";if("content"in entry){var postcontent=entry.content.$t}else if("summary"in entry){var postcontent=entry.summary.$t}else var postcontent="";var re=/<\S[^>]*>/g;postcontent=postcontent.replace(re,"");document.write(posttitle);if(showpostdate==true)document.write(' - '+monthnames[parseInt(cdmonth,10)]+' '+cdday);if(showpostsummary==true){if(postcontent.length<numchars){document.write(postcontent)}else{postcontent=postcontent.substring(0,numchars);var quoteEnd=postcontent.lastIndexOf(" ");postcontent=postcontent.substring(0,quoteEnd);document.write(postcontent+'...'+readmorelink)}}document.write('</li>')}document.write('</ul>')}

//]]>
</script>

<script type='text/javascript'>
summary_noimg = 550;
summary_img = 450;
img_thumb_height = 150;
img_thumb_width = 200; 
</script>
<script type='text/javascript'>
//<![CDATA[

function removeHtmlTag(strx,chop){ 
	if(strx.indexOf("<")!=-1)
	{
		var s = strx.split("<"); 
		for(var i=0;i<s.length;i++){ 
			if(s[i].indexOf(">")!=-1){ 
				s[i] = s[i].substring(s[i].indexOf(">")+1,s[i].length); 
			} 
		} 
		strx =  s.join(""); 
	}
	chop = (chop < strx.length-1) ? chop : strx.length-2; 
	while(strx.charAt(chop-1)!=' ' && strx.indexOf(' ',chop)!=-1) chop++; 
	strx = strx.substring(0,chop-1); 
	return strx+'...'; 
}

function createSummaryAndThumb(pID){
	var div = document.getElementById(pID);
	var imgtag = "";
	var img = div.getElementsByTagName("img");
	var summ = summary_noimg;
	if(img.length>=1) {	
		imgtag = '<span style="float:left; padding:0px 10px 5px 0px;"><img src="'+img[0].src+'" width="'+img_thumb_width+'px" height="'+img_thumb_height+'px"/></span>';
		summ = summary_img;
	}
	
	var summary = imgtag + '<div>' + removeHtmlTag(div.innerHTML,summ) + '</div>';
	div.innerHTML = summary;
}

//]]>
</script>

</head>

<body class='home blog'>
<div class='hfeed site container_6' id='page'>
		
<div class='site-header' id='masthead' role='banner'>
	
<div class='top  clearfix'>

<div class='logo'>
<b:section class='header' id='header' maxwidgets='1' showaddelement='no'>
<b:widget id='Header1' locked='true' title='Monaco (Header)' type='Header'>
<b:includable id='title'>
<a expr:href='data:blog.homepageUrl'><data:title/></a>
</b:includable>
<b:includable id='description'>
  <div class='descriptionwrapper'>
    <h2 class='site-description'><data:description/></h2>
  </div>
</b:includable>
<b:includable id='main'>

  <b:if cond='data:useImage'>
    <b:if cond='data:imagePlacement == &quot;REPLACE&quot;'>
      <!--Show just the image, no text-->
      <div id='header-inner'>
        <a expr:href='data:blog.homepageUrl' style='display: block'>
          <img expr:alt='data:title' expr:height='data:height' expr:id='data:widget.instanceId + &quot;_headerimg&quot;' expr:src='data:sourceUrl' expr:width='data:width' style='display: block;padding-left:15px;padding-top:0px;'/>
        </a>
      </div>
    <b:else/>
      <!--
      Show image as background to text. You can't really calculate the width
      reliably in JS because margins are not taken into account by any of
      clientWidth, offsetWidth or scrollWidth, so we don't force a minimum
      width if the user is using shrink to fit.
      This results in a margin-width's worth of pixels being cropped. If the
      user is not using shrink to fit then we expand the header.
      -->
      <div expr:style='&quot;background-image: url(\&quot;&quot; + data:sourceUrl + &quot;\&quot;); &quot;                      + &quot;background-position: &quot;                      + data:backgroundPositionStyleStr + &quot;; &quot;                      + data:widthStyleStr                      + &quot;min-height: &quot; + data:height + &quot;px;&quot;                      + &quot;_height: &quot; + data:height + &quot;px;&quot;                      + &quot;background-repeat: no-repeat; &quot;' id='header-inner'>
        <div class='titlewrapper' style='background: transparent'>
          <h1 class='site-title' style='background: transparent; border-width: 0px'>
            <b:include name='title'/>
          </h1>
        </div>
        <b:include name='description'/>
      </div>
    </b:if>
  <b:else/>
    <!--No header image -->
    <div id='header-inner'>
      <div class='titlewrapper'>
        <h1 class='site-title'>
          <b:include name='title'/>
        </h1>
      </div>
      <b:include name='description'/>
    </div>
  </b:if>
</b:includable>
</b:widget>
</b:section>
</div>
			
<div class='reach'>
<form expr:action='data:blog.homepageUrl + &quot;search/&quot;' id='searchform' method='get'>
	<input class='field' id='s' name='q' placeholder='Search' type='text'/>
	<input class='submit' id='searchsubmit' name='submit' type='submit' value='Search'/>
</form>
</div>
			
</div>

<div id='botmenu'>
<div class='menu-primary-container' id='submenu'>
<b:section class='nbttopmenu' id='nbttopmenu' showaddelement='no'>
<b:widget id='PageList8' locked='false' title='Pages - Menu' type='PageList'>
<b:includable id='main'>
              <b:if cond='data:title'><!--<h2><data:title/></h2>--></b:if>
              <div class='widget-content'>
                <ul class='sfmenu' id='web2feel'>
                  <b:loop values='data:links' var='link'>
                    <b:if cond='data:link.isCurrentPage'>
                      <li id='currentpage'><a expr:href='data:link.href'><data:link.title/></a></li>
                    <b:else/>
                      <li><a expr:href='data:link.href'><data:link.title/></a></li>
                    </b:if>
                  </b:loop>
                </ul>
                <b:include name='quickedit'/>
              </div>
            </b:includable>
</b:widget>
</b:section>
</div>
</div>

</div><!-- #masthead .site-header -->
	
<div class='clearfix' id='main'>

<b:if cond='data:blog.url == data:blog.homepageUrl'>
<div id='slider'>
<div class='flexslider'>
<ul class='slides'>
	    	 	
<li>
<a href='ENTER-SLIDE-1-LINK-HERE'><img class='slide-image' src='http://2.bp.blogspot.com/-D3LxVOcZjq0/URFzq2zwCwI/AAAAAAAAB6g/8BGQpVb9ue8/s000/slide1-600x400.jpg'/></a>
<div class='flex-caption'>
<h3>Praesent sapien velit</h3>
<p>Maecenas imperdiet, ligula et mattis feugiat, elit felis fringilla purus, eu pretium quam justo ac orci. Nunc congue, enim sit amet dignissim malesuada, metus purus aliquet nibh, non euismod urna urna ac libero. Aenean congue enim fringilla elit vulputate ut ornare massa aliquam. Mauris pellentesque odio et justo vehicula ullamcorper. Aliquam laoreet placerat massa vel [...]</p>
</div>
</li>

<li>
<a href='ENTER-SLIDE-2-LINK-HERE'><img class='slide-image' src='http://3.bp.blogspot.com/-4ZgrvPfZbdE/URFzrTx9MwI/AAAAAAAAB6o/ZP0wS9jnchc/s000/slide2-600x400.jpg'/></a>
<div class='flex-caption'>
<h3>Aenean velit risus, venenatis sed pellentesque ege</h3>
<p>Ut sit amet odio erat, ut rhoncus libero. Maecenas vestibulum dui et urna fringilla pulvinar at ornare nibh. Nam et scelerisque lorem. Class aptent taciti sociosqu ad litora torquent per conubia nostra, per inceptos himenaeos. Nam quis neque et elit congue luctus. Sed ultrices tellus at dui pellentesque vulputate? Phasellus molestie tincidunt convallis. Nullam turpis [...]</p>
</div>
</li>

<li>
<a href='ENTER-SLIDE-3-LINK-HERE'><img class='slide-image' src='http://2.bp.blogspot.com/-uTFZKBJhLmY/URFzrr-BCYI/AAAAAAAAB6w/E2xvqAPwB1E/s000/slide3-600x400.jpg'/></a>
<div class='flex-caption'>
<h3>Suspendisse pellentesque, enim id consequat luctus</h3>
<p>Donec a imperdiet metus. Nunc id consectetur velit. Vestibulum et urna neque, eget tempus libero. Suspendisse ac neque eu nisi viverra blandit? Sed in urna at purus cursus adipiscing. Maecenas ac nibh odio, quis dictum dolor. Maecenas id velit eu velit tempor dapibus sed non tellus. Nulla quis nisi a turpis auctor volutpat. In mollis [...]</p>
</div>
</li>

</ul>
</div>	
</div>	
				
<div class='intro'>
<div class='intro-text'>

</div>
</div>
</b:if>

<div class='site-content ' id='primary'>
<div class='grid_4' id='content'>
<b:section class='mainblog' id='mainblog' showaddelement='no'>
<b:widget id='Blog1' locked='true' title='Blog Posts' type='Blog'>
<b:includable id='nextprev'>
  <div class='blog-pager' id='blog-pager'>
    <b:if cond='data:newerPageUrl'>
      <span id='blog-pager-newer-link'>
      <a class='blog-pager-newer-link' expr:href='data:newerPageUrl' expr:id='data:widget.instanceId + &quot;_blog-pager-newer-link&quot;' expr:title='data:newerPageTitle'><data:newerPageTitle/></a>
      </span>
    </b:if>

    <b:if cond='data:olderPageUrl'>
      <span id='blog-pager-older-link'>
      <a class='blog-pager-older-link' expr:href='data:olderPageUrl' expr:id='data:widget.instanceId + &quot;_blog-pager-older-link&quot;' expr:title='data:olderPageTitle'><data:olderPageTitle/></a>
      </span>
    </b:if>

    <a class='home-link' expr:href='data:blog.homepageUrl'><data:homeMsg/></a>

    <b:if cond='data:mobileLinkUrl'>
      <div class='blog-mobile-link'>
        <a expr:href='data:mobileLinkUrl'><data:mobileLinkMsg/></a>
      </div>
    </b:if>

  </div>
  <div class='clear'/>
</b:includable>
<b:includable id='shareButtons' var='post'>
  <b:if cond='data:top.showEmailButton'><a class='goog-inline-block share-button sb-email' expr:href='data:post.sharePostUrl + &quot;&amp;target=email&quot;' expr:title='data:top.emailThisMsg' target='_blank'><span class='share-button-link-text'><data:top.emailThisMsg/></span></a></b:if><b:if cond='data:top.showBlogThisButton'><a class='goog-inline-block share-button sb-blog' expr:href='data:post.sharePostUrl + &quot;&amp;target=blog&quot;' expr:onclick='&quot;window.open(this.href, \&quot;_blank\&quot;, \&quot;height=270,width=475\&quot;); return false;&quot;' expr:title='data:top.blogThisMsg' target='_blank'><span class='share-button-link-text'><data:top.blogThisMsg/></span></a></b:if><b:if cond='data:top.showTwitterButton'><a class='goog-inline-block share-button sb-twitter' expr:href='data:post.sharePostUrl + &quot;&amp;target=twitter&quot;' expr:title='data:top.shareToTwitterMsg' target='_blank'><span class='share-button-link-text'><data:top.shareToTwitterMsg/></span></a></b:if><b:if cond='data:top.showFacebookButton'><a class='goog-inline-block share-button sb-facebook' expr:href='data:post.sharePostUrl + &quot;&amp;target=facebook&quot;' expr:onclick='&quot;window.open(this.href, \&quot;_blank\&quot;, \&quot;height=430,width=640\&quot;); return false;&quot;' expr:title='data:top.shareToFacebookMsg' target='_blank'><span class='share-button-link-text'><data:top.shareToFacebookMsg/></span></a></b:if><b:if cond='data:top.showOrkutButton'><a class='goog-inline-block share-button sb-orkut' expr:href='data:post.sharePostUrl + &quot;&amp;target=orkut&quot;' expr:title='data:top.shareToOrkutMsg' target='_blank'><span class='share-button-link-text'><data:top.shareToOrkutMsg/></span></a></b:if><b:if cond='data:top.showDummy'><div class='goog-inline-block dummy-container'><data:post.dummyTag/></div></b:if>
</b:includable>
<b:includable id='backlinks' var='post'>
  <a name='links'/><h4><data:post.backlinksLabel/></h4>
  <b:if cond='data:post.numBacklinks != 0'>
    <dl class='comments-block' id='comments-block'>
      <b:loop values='data:post.backlinks' var='backlink'>
        <div class='collapsed-backlink backlink-control'>
          <dt class='comment-title'>
            <span class='backlink-toggle-zippy'>&#160;</span>
            <a expr:href='data:backlink.url' rel='nofollow'><data:backlink.title/></a>
            <b:include data='backlink' name='backlinkDeleteIcon'/>
          </dt>
          <dd class='comment-body collapseable'>
            <data:backlink.snippet/>
          </dd>
          <dd class='comment-footer collapseable'>
            <span class='comment-author'><data:post.authorLabel/> <data:backlink.author/></span>
            <span class='comment-timestamp'><data:post.timestampLabel/> <data:backlink.timestamp/></span>
          </dd>
        </div>
      </b:loop>
    </dl>
  </b:if>
  <p class='comment-footer'>
    <a class='comment-link' expr:href='data:post.createLinkUrl' expr:id='data:widget.instanceId + &quot;_backlinks-create-link&quot;' target='_blank'><data:post.createLinkLabel/></a>
  </p>
</b:includable>
<b:includable id='comment_count_picker' var='post'>
  <b:if cond='data:post.forceIframeComments'>
    <span class='cmt_count_iframe_holder' expr:data-count='data:post.numComments' expr:data-onclick='data:post.addCommentOnclick' expr:data-url='data:post.canonicalUrl'>
    </span>
  <b:else/>
    <b:if cond='data:post.commentSource == 1'>
      <span class='cmt_count_iframe_holder' expr:data-count='data:post.numComments' expr:data-onclick='data:post.addCommentOnclick' expr:data-url='data:post.canonicalUrl'>
      </span>
    <b:else/>
      <a class='comment-link' expr:href='data:post.addCommentUrl' expr:onclick='data:post.addCommentOnclick'>
        <data:post.commentLabelFull/>:
      </a>
    </b:if>
  </b:if>
</b:includable>
<b:includable id='threaded_comment_js' var='post'>
  <script async='async' expr:src='data:post.commentSrc' type='text/javascript'/>

  <script type='text/javascript'>
    (function() {
      var items = <data:post.commentJso/>;
      var msgs = <data:post.commentMsgs/>;
      var config = <data:post.commentConfig/>;

// <![CDATA[
      var cursor = null;
      if (items && items.length > 0) {
        cursor = parseInt(items[items.length - 1].timestamp) + 1;
      }

      var bodyFromEntry = function(entry) {
        if (entry.gd$extendedProperty) {
          for (var k in entry.gd$extendedProperty) {
            if (entry.gd$extendedProperty[k].name == 'blogger.contentRemoved') {
              return '<span class="deleted-comment">' + entry.content.$t + '</span>';
            }
          }
        }
        return entry.content.$t;
      }

      var parse = function(data) {
        cursor = null;
        var comments = [];
        if (data && data.feed && data.feed.entry) {
          for (var i = 0, entry; entry = data.feed.entry[i]; i++) {
            var comment = {};
            // comment ID, parsed out of the original id format
            var id = /blog-(\d+).post-(\d+)/.exec(entry.id.$t);
            comment.id = id ? id[2] : null;
            comment.body = bodyFromEntry(entry);
            comment.timestamp = Date.parse(entry.published.$t) + '';
            if (entry.author && entry.author.constructor === Array) {
              var auth = entry.author[0];
              if (auth) {
                comment.author = {
                  name: (auth.name ? auth.name.$t : undefined),
                  profileUrl: (auth.uri ? auth.uri.$t : undefined),
                  avatarUrl: (auth.gd$image ? auth.gd$image.src : undefined)
                };
              }
            }
            if (entry.link) {
              if (entry.link[2]) {
                comment.link = comment.permalink = entry.link[2].href;
              }
              if (entry.link[3]) {
                var pid = /.*comments\/default\/(\d+)\?.*/.exec(entry.link[3].href);
                if (pid && pid[1]) {
                  comment.parentId = pid[1];
                }
              }
            }
            comment.deleteclass = 'item-control blog-admin';
            if (entry.gd$extendedProperty) {
              for (var k in entry.gd$extendedProperty) {
                if (entry.gd$extendedProperty[k].name == 'blogger.itemClass') {
                  comment.deleteclass += ' ' + entry.gd$extendedProperty[k].value;
                }
              }
            }
            comments.push(comment);
          }
        }
        return comments;
      };

      var paginator = function(callback) {
        if (hasMore()) {
          var url = config.feed + '?alt=json&v=2&orderby=published&reverse=false&max-results=50';
          if (cursor) {
            url += '&published-min=' + new Date(cursor).toISOString();
          }
          window.bloggercomments = function(data) {
            var parsed = parse(data);
            cursor = parsed.length < 50 ? null
                : parseInt(parsed[parsed.length - 1].timestamp) + 1
            callback(parsed);
            window.bloggercomments = null;
          }
          url += '&callback=bloggercomments';
          var script = document.createElement('script');
          script.type = 'text/javascript';
          script.src = url;
          document.getElementsByTagName('head')[0].appendChild(script);
        }
      };
      var hasMore = function() {
        return !!cursor;
      };
      var getMeta = function(key, comment) {
        if ('iswriter' == key) {
          var matches = !!comment.author
              && comment.author.name == config.authorName
              && comment.author.profileUrl == config.authorUrl;
          return matches ? 'true' : '';
        } else if ('deletelink' == key) {
          return config.baseUri + '/delete-comment.g?blogID='
               + config.blogId + '&postID=' + comment.id;
        } else if ('deleteclass' == key) {
          return comment.deleteclass;
        }
        return '';
      };

      var replybox = null;
      var replyUrlParts = null;
      var replyParent = undefined;

      var onReply = function(commentId, domId) {
        if (replybox == null) {
          // lazily cache replybox, and adjust to suit this style:
          replybox = document.getElementById('comment-editor');
          if (replybox != null) {
            replybox.height = '250px';
            replybox.style.display = 'block';
            replyUrlParts = replybox.src.split('#');
          }
        }
        if (replybox && (commentId !== replyParent)) {
          document.getElementById(domId).insertBefore(replybox, null);
          replybox.src = replyUrlParts[0]
              + (commentId ? '&parentID=' + commentId : '')
              + '#' + replyUrlParts[1];
          replyParent = commentId;
        }
      };

      var hash = (window.location.hash || '#').substring(1);
      var startThread, targetComment;
      if (/^comment-form_/.test(hash)) {
        startThread = hash.substring('comment-form_'.length);
      } else if (/^c[0-9]+$/.test(hash)) {
        targetComment = hash.substring(1);
      }

      // Configure commenting API:
      var configJso = {
        'maxDepth': config.maxThreadDepth
      };
      var provider = {
        'id': config.postId,
        'data': items,
        'loadNext': paginator,
        'hasMore': hasMore,
        'getMeta': getMeta,
        'onReply': onReply,
        'rendered': true,
        'initComment': targetComment,
        'initReplyThread': startThread,
        'config': configJso,
        'messages': msgs
      };

      var render = function() {
        if (window.goog && window.goog.comments) {
          var holder = document.getElementById('comment-holder');
          window.goog.comments.render(holder, provider);
        }
      };

      // render now, or queue to render when library loads:
      if (window.goog && window.goog.comments) {
        render();
      } else {
        window.goog = window.goog || {};
        window.goog.comments = window.goog.comments || {};
        window.goog.comments.loadQueue = window.goog.comments.loadQueue || [];
        window.goog.comments.loadQueue.push(render);
      }
    })();
// ]]>
  </script>
</b:includable>
<b:includable id='mobile-main' var='top'>
    <!-- posts -->
    <div class='blog-posts hfeed'>

      <b:include data='top' name='status-message'/>

      <b:if cond='data:blog.pageType == &quot;index&quot;'>
        <b:loop values='data:posts' var='post'>
          <b:include data='post' name='mobile-index-post'/>
        </b:loop>
      <b:else/>
        <b:loop values='data:posts' var='post'>
          <b:include data='post' name='mobile-post'/>
        </b:loop>
      </b:if>
    </div>

   <b:include name='mobile-nextprev'/>
</b:includable>
<b:includable id='post' var='post'>
<div class='post hentry'>
    <a expr:name='data:post.id'/>
	
<div class='entry-header'>
      <h2 class='post-title entry-title'>
     <b:if cond='data:post.link'>
       <a expr:href='data:post.link'><data:post.title/></a>
     <b:else/>
        <b:if cond='data:post.url'>
          <a expr:href='data:post.url'><data:post.title/></a>
        <b:else/>
          <data:post.title/>
        </b:if>
     </b:if>
      </h2>	  
<b:if cond='data:blog.pageType != &quot;static_page&quot;'>
<div class='entry-meta'>Posted on <data:post.timestamp/> by <data:post.author/></div>
</b:if>
</div>

<div class='post-header-line-1'/>

<div class='post-body entry-summary'>

<b:if cond='data:blog.pageType != &quot;static_page&quot;'>
<b:if cond='data:blog.pageType != &quot;item&quot;'>
<div expr:id='&quot;summary&quot; + data:post.id'><data:post.body/></div>
<script type='text/javascript'>createSummaryAndThumb(&quot;summary<data:post.id/>&quot;);</script>
</b:if>
</b:if>
<b:if cond='data:blog.pageType == &quot;item&quot;'><data:post.body/></b:if>

<b:if cond='data:blog.pageType == &quot;static_page&quot;'><data:post.body/></b:if>

<b:if cond='data:blog.pageType != &quot;static_page&quot;'>
<div class='entry-meta'>
<span class='categori'>Categories: <b:if cond='data:post.labels'><b:loop values='data:post.labels' var='label'><a expr:href='data:label.url' rel='tag'><data:label.name/></a><b:if cond='data:label.isLast != &quot;true&quot;'>, </b:if></b:loop></b:if></span>
</div>
<div style='clear: both;'/>
</b:if>

      <div style='clear: both;'/> <!-- clear for photos floats -->
</div>

</div>
<div style='clear: both;'/>

<b:if cond='data:blog.pageType == &quot;item&quot;'>
<!-- navigation -->
<b:include name='nextprev'/>
</b:if>

</b:includable>
<b:includable id='comment_picker' var='post'>
  <b:if cond='data:post.commentSource == 1'>
    <b:include data='post' name='iframe_comments'/>
  <b:else/>
    <b:if cond='data:post.showThreadedComments'>
      <b:include data='post' name='threaded_comments'/>
    <b:else/>
      <b:include data='post' name='comments'/>
    </b:if>
  </b:if>
</b:includable>
<b:includable id='status-message'>
  <b:if cond='data:navMessage'>
  <div class='status-msg-wrap'>
    <div class='status-msg-body'>
      <data:navMessage/>
    </div>
    <div class='status-msg-border'>
      <div class='status-msg-bg'>
        <div class='status-msg-hidden'><data:navMessage/></div>
      </div>
    </div>
  </div>
  <div style='clear: both;'/>
  </b:if>
</b:includable>
<b:includable id='comment-form' var='post'>
  <div class='comment-form'>
    <a name='comment-form'/>
    <b:if cond='data:mobile'>
      <h4 id='comment-post-message'>
        <a expr:id='data:widget.instanceId + &quot;_comment-editor-toggle-link&quot;' href='javascript:void(0)'><data:postCommentMsg/></a></h4>
      <p><data:blogCommentMessage/></p>
      <data:blogTeamBlogMessage/>
      <a expr:href='data:post.commentFormIframeSrc' id='comment-editor-src'/>
      <iframe allowtransparency='true' class='blogger-iframe-colorize blogger-comment-from-post' frameborder='0' height='410' id='comment-editor' name='comment-editor' src='' style='display: none' width='100%'/>
    <b:else/>
      <h4 id='comment-post-message'><data:postCommentMsg/></h4>
      <p><data:blogCommentMessage/></p>
      <data:blogTeamBlogMessage/>
      <a expr:href='data:post.commentFormIframeSrc' id='comment-editor-src'/>
      <iframe allowtransparency='true' class='blogger-iframe-colorize blogger-comment-from-post' frameborder='0' height='410' id='comment-editor' name='comment-editor' src='' width='100%'/>
    </b:if>
    <data:post.friendConnectJs/>
    <data:post.cmtfpIframe/>
    <script type='text/javascript'>
      BLOG_CMT_createIframe(&#39;<data:post.appRpcRelayPath/>&#39;, &#39;<data:post.communityId/>&#39;);
    </script>
  </div>
</b:includable>
<b:includable id='threaded_comments' var='post'>
  <div class='comments' id='comments'>
    <a name='comments'/>
    <h4><data:post.commentLabelFull/>:</h4>

    <div class='comments-content'>
      <b:if cond='data:post.embedCommentForm'>
        <b:include data='post' name='threaded_comment_js'/>
      </b:if>
      <div id='comment-holder'>
         <data:post.commentHtml/>
      </div>
    </div>

    <p class='comment-footer'>
      <b:if cond='data:post.allowNewComments'>
        <b:include data='post' name='threaded-comment-form'/>
      <b:else/>
        <data:post.noNewCommentsText/>
      </b:if>
    </p>

    <b:if cond='data:showCmtPopup'>
      <div id='comment-popup'>
        <iframe allowtransparency='true' frameborder='0' id='comment-actions' name='comment-actions' scrolling='no'>
        </iframe>
      </div>
    </b:if>

    <div id='backlinks-container'>
    <div expr:id='data:widget.instanceId + &quot;_backlinks-container&quot;'>
       <b:if cond='data:post.showBacklinks'>
         <b:include data='post' name='backlinks'/>
       </b:if>
    </div>
    </div>
  </div>
</b:includable>
<b:includable id='backlinkDeleteIcon' var='backlink'>
  <span expr:class='&quot;item-control &quot; + data:backlink.adminClass'>
    <a expr:href='data:backlink.deleteUrl' expr:title='data:top.deleteBacklinkMsg'>
      <img src='//www.blogger.com/img/icon_delete13.gif'/>
    </a>
  </span>
</b:includable>
<b:includable id='mobile-nextprev'>
  <div class='blog-pager' id='blog-pager'>
    <b:if cond='data:newerPageUrl'>
      <div class='mobile-link-button' id='blog-pager-newer-link'>
      <a class='blog-pager-newer-link' expr:href='data:newerPageUrl' expr:id='data:widget.instanceId + &quot;_blog-pager-newer-link&quot;' expr:title='data:newerPageTitle'>&amp;lsaquo;</a>
      </div>
    </b:if>

    <b:if cond='data:olderPageUrl'>
      <div class='mobile-link-button' id='blog-pager-older-link'>
      <a class='blog-pager-older-link' expr:href='data:olderPageUrl' expr:id='data:widget.instanceId + &quot;_blog-pager-older-link&quot;' expr:title='data:olderPageTitle'>&amp;rsaquo;</a>
      </div>
    </b:if>

    <div class='mobile-link-button' id='blog-pager-home-link'>
    <a class='home-link' expr:href='data:blog.homepageUrl'><data:homeMsg/></a>
    </div>

    <div class='mobile-desktop-link'>
      <a class='home-link' expr:href='data:desktopLinkUrl'><data:desktopLinkMsg/></a>
    </div>

  </div>
  <div class='clear'/>
</b:includable>
<b:includable id='mobile-post' var='post'>
  <div class='date-outer'>
    <b:if cond='data:post.dateHeader'>
      <h2 class='date-header'><span><data:post.dateHeader/></span></h2>
    </b:if>
    <div class='date-posts'>
      <div class='post-outer'>

        <div class='post hentry uncustomized-post-template'>
          <a expr:name='data:post.id'/>
          <b:if cond='data:post.title'>
            <h3 class='post-title entry-title'>
              <b:if cond='data:post.link'>
                <a expr:href='data:post.link'><data:post.title/></a>
              <b:else/>
                <b:if cond='data:post.url'>
                  <b:if cond='data:blog.url != data:post.url'>
                    <a expr:href='data:post.url'><data:post.title/></a>
                  <b:else/>
                    <data:post.title/>
                  </b:if>
                <b:else/>
                  <data:post.title/>
                </b:if>
              </b:if>
            </h3>
          </b:if>

          <div class='post-header'>
            <div class='post-header-line-1'/>
          </div>

          <div class='post-body entry-content' expr:id='&quot;post-body-&quot; + data:post.id'>
            <data:post.body/>
            <div style='clear: both;'/> <!-- clear for photos floats -->
          </div>

          <div class='post-footer'>
            <div class='post-footer-line post-footer-line-1'>
              <span class='post-author vcard'>
                <b:if cond='data:top.showAuthor'>
                  <b:if cond='data:post.authorProfileUrl'>
                    <span class='fn'>
                      <a expr:href='data:post.authorProfileUrl' rel='author' title='author profile'>
                        <data:post.author/>
                      </a>
                    </span>
                  <b:else/>
                    <span class='fn'><data:post.author/></span>
                  </b:if>
                </b:if>
              </span>

              <span class='post-timestamp'>
                <b:if cond='data:top.showTimestamp'>
                  <data:top.timestampLabel/>
                  <b:if cond='data:post.url'>
                    <a class='timestamp-link' expr:href='data:post.url' rel='bookmark' title='permanent link'><abbr class='published' expr:title='data:post.timestampISO8601'><data:post.timestamp/></abbr></a>
                  </b:if>
                </b:if>
              </span>

              <span class='post-comment-link'>
                <b:if cond='data:blog.pageType != &quot;item&quot;'>
                  <b:if cond='data:blog.pageType != &quot;static_page&quot;'>
                    <b:if cond='data:post.allowComments'>
                      <a class='comment-link' expr:href='data:post.addCommentUrl' expr:onclick='data:post.addCommentOnclick'><b:if cond='data:post.numComments == 1'>1 <data:top.commentLabel/><b:else/><data:post.numComments/> <data:top.commentLabelPlural/></b:if></a>
                    </b:if>
                  </b:if>
                </b:if>
              </span>
            

<!-- Feature added by BTemplates.com -->
	<b:if cond='data:post.sharePostUrl'>
		<div class='post-share-buttons'>
			<b:include data='post' name='shareButtons'/>
		</div>
	</b:if>

</div>

            <div class='post-footer-line post-footer-line-2'>
              <b:if cond='data:top.showMobileShare'>
                <div class='mobile-link-button goog-inline-block' id='mobile-share-button'>
                  <a href='javascript:void(0);'><data:shareMsg/></a>
                </div>
              </b:if>
              <b:if cond='data:top.showDummy'>
                <div class='goog-inline-block dummy-container'><data:post.dummyTag/></div>
              </b:if>
            </div>

          </div>
        </div>

        <b:if cond='data:blog.pageType == &quot;static_page&quot;'>
          <b:if cond='data:post.showThreadedComments'>
            <b:include data='post' name='threaded_comments'/>
          <b:else/>
            <b:include data='post' name='comments'/>
          </b:if>
        </b:if>
        <b:if cond='data:blog.pageType == &quot;item&quot;'>
          <b:if cond='data:post.showThreadedComments'>
            <b:include data='post' name='threaded_comments'/>
          <b:else/>
            <b:include data='post' name='comments'/>
          </b:if>
        </b:if>
      </div>
    </div>
  </div>
</b:includable>
<b:includable id='postQuickEdit' var='post'>
  <b:if cond='data:post.editUrl'>
    <span expr:class='&quot;item-control &quot; + data:post.adminClass'>
      <a expr:href='data:post.editUrl' expr:title='data:top.editPostMsg'>
        <img alt='' class='icon-action' height='18' src='http://img2.blogblog.com/img/icon18_edit_allbkg.gif' width='18'/>
      </a>
    </span>
  </b:if>
</b:includable>
<b:includable id='main' var='top'>
  <b:if cond='data:mobile == &quot;false&quot;'>

    <!-- posts -->
    <div class='blog-posts hfeed'>

      <b:include data='top' name='status-message'/>

      <data:defaultAdStart/>
      <b:loop values='data:posts' var='post'>
        <b:if cond='data:post.isDateStart'>
          <b:if cond='data:post.isFirstPost == &quot;false&quot;'>
            &lt;/div&gt;&lt;/div&gt;
          </b:if>
        </b:if>
        <b:if cond='data:post.isDateStart'>
          &lt;div class=&quot;date-outer&quot;&gt;
        </b:if>
        <b:if cond='data:post.dateHeader'>
          <h2 class='date-header'><span><data:post.dateHeader/></span></h2>
        </b:if>
        <b:if cond='data:post.isDateStart'>
          &lt;div class=&quot;date-posts&quot;&gt;
        </b:if>
        <div class='post-outer'>
        <b:include data='post' name='post'/>
        <b:if cond='data:blog.pageType == &quot;static_page&quot;'>
          <b:if cond='data:post.showThreadedComments'>
            <b:include data='post' name='threaded_comments'/>
          <b:else/>
            <b:include data='post' name='comments'/>
          </b:if>
        </b:if>
        <b:if cond='data:blog.pageType == &quot;item&quot;'>
          <b:if cond='data:post.showThreadedComments'>
            <b:include data='post' name='threaded_comments'/>
          <b:else/>
            <b:include data='post' name='comments'/>
          </b:if>
        </b:if>
        </div>
        <b:if cond='data:post.includeAd'>
          <b:if cond='data:post.isFirstPost'>
            <data:defaultAdEnd/>
          <b:else/>
            <data:adEnd/>
          </b:if>
          <div class='inline-ad'>
            <data:adCode/>
          </div>
          <data:adStart/>
        </b:if>
      </b:loop>
      <b:if cond='data:numPosts != 0'>
        &lt;/div&gt;&lt;/div&gt;
      </b:if>
      <data:adEnd/>
    </div>

<div style='clear: both;'/>
<b:if cond='data:blog.pageType != &quot;item&quot;'>
<!-- navigation -->
<b:include name='nextprev'/>
</b:if>

    <!-- feed links -->
    <b:include name='feedLinks'/>

    <b:if cond='data:top.showStars'>
      <script src='//www.google.com/jsapi' type='text/javascript'/>
      <script type='text/javascript'>
        google.load(&quot;annotations&quot;, &quot;1&quot;, {&quot;locale&quot;: &quot;<data:top.languageCode/>&quot;});
        function initialize() {
          google.annotations.setApplicationId(<data:top.blogspotReviews/>);
          google.annotations.createAll();
          google.annotations.fetch();
        }
        google.setOnLoadCallback(initialize);
      </script>
    </b:if>

  <b:else/>
    <b:include name='mobile-main'/>
  </b:if>

  <b:if cond='data:top.showDummy'>
    <data:top.dummyBootstrap/>
  </b:if>

</b:includable>
<b:includable id='commentDeleteIcon' var='comment'>
  <span expr:class='&quot;item-control &quot; + data:comment.adminClass'>
    <b:if cond='data:showCmtPopup'>
      <div class='goog-toggle-button'>
        <div class='goog-inline-block comment-action-icon'/>
      </div>
    <b:else/>
      <a class='comment-delete' expr:href='data:comment.deleteUrl' expr:title='data:top.deleteCommentMsg'>
        <img src='//www.blogger.com/img/icon_delete13.gif'/>
      </a>
    </b:if>
  </span>
</b:includable>
<b:includable id='feedLinks'>
  <b:if cond='data:blog.pageType != &quot;item&quot;'> <!-- Blog feed links -->
    <b:if cond='data:feedLinks'>
      <div class='blog-feeds'>
        <b:include data='feedLinks' name='feedLinksBody'/>
      </div>
    </b:if>

    <b:else/> <!--Post feed links -->
    <div class='post-feeds'>
      <b:loop values='data:posts' var='post'>
        <b:if cond='data:post.allowComments'>
          <b:if cond='data:post.feedLinks'>
            <b:include data='post.feedLinks' name='feedLinksBody'/>
          </b:if>
        </b:if>
      </b:loop>
    </div>
  </b:if>
</b:includable>
<b:includable id='threaded-comment-form' var='post'>
  <div class='comment-form'>
    <a name='comment-form'/>
    <b:if cond='data:mobile'>
      <p><data:blogCommentMessage/></p>
      <data:blogTeamBlogMessage/>
      <a expr:href='data:post.commentFormIframeSrc' id='comment-editor-src'/>
      <iframe allowtransparency='true' class='blogger-iframe-colorize blogger-comment-from-post' frameborder='0' height='410' id='comment-editor' name='comment-editor' src='' style='display: none' width='100%'/>
    <b:else/>
      <p><data:blogCommentMessage/></p>
      <data:blogTeamBlogMessage/>
      <a expr:href='data:post.commentFormIframeSrc' id='comment-editor-src'/>
      <iframe allowtransparency='true' class='blogger-iframe-colorize blogger-comment-from-post' frameborder='0' height='410' id='comment-editor' name='comment-editor' src='' width='100%'/>
    </b:if>
    <data:post.friendConnectJs/>
    <data:post.cmtfpIframe/>
    <script type='text/javascript'>
      BLOG_CMT_createIframe(&#39;<data:post.appRpcRelayPath/>&#39;, &#39;<data:post.communityId/>&#39;);
    </script>
  </div>
</b:includable>
<b:includable id='mobile-index-post' var='post'>
  <div class='mobile-date-outer date-outer'>
    <b:if cond='data:post.dateHeader'>
      <div class='date-header'>
        <span><data:post.dateHeader/></span>
      </div>
    </b:if>

    <div class='mobile-post-outer'>
      <a expr:href='data:post.url'>
        <h3 class='mobile-index-title entry-title'>
          <data:post.title/>
        </h3>

        <div class='mobile-index-arrow'>&amp;rsaquo;</div>

        <div class='mobile-index-contents'>
          <b:if cond='data:post.thumbnailUrl'>
            <div class='mobile-index-thumbnail'>
              <div class='Image'>
                <img expr:src='data:post.thumbnailUrl'/>
              </div>
            </div>
          </b:if>

          <div class='post-body'>
            <b:if cond='data:post.snippet'><data:post.snippet/></b:if>
          </div>
        </div>

        <div style='clear: both;'/>
      </a>

      <div class='mobile-index-comment'>
        <b:if cond='data:blog.pageType != &quot;static_page&quot;'>
          <b:if cond='data:post.allowComments'>
            <b:if cond='data:post.numComments != 0'>
              <a class='comment-link' expr:href='data:post.addCommentUrl' expr:onclick='data:post.addCommentOnclick'><b:if cond='data:post.numComments == 1'>1 <data:top.commentLabel/><b:else/><data:post.numComments/> <data:top.commentLabelPlural/></b:if></a>
            </b:if>
          </b:if>
        </b:if>
      </div>
    </div>
  </div>
</b:includable>
<b:includable id='feedLinksBody' var='links'>
  <div class='feed-links'>
  <data:feedLinksMsg/>
  <b:loop values='data:links' var='f'>
     <a class='feed-link' expr:href='data:f.url' expr:type='data:f.mimeType' target='_blank'><data:f.name/> (<data:f.feedType/>)</a>
  </b:loop>
  </div>
</b:includable>
<b:includable id='iframe_comments' var='post'>

  <b:if cond='data:post.allowComments'>
    <script expr:src='data:post.commentSrc' type='text/javascript'/>
    <div class='cmt_iframe_holder'/>

    <b:if cond='data:post.embedCommentForm == &quot;false&quot;'>
      <a expr:href='data:post.addCommentUrl' expr:onclick='data:post.addCommentOnclick'><data:postCommentMsg/></a>
    </b:if>
  </b:if>
</b:includable>
<b:includable id='comments' var='post'>
  <div class='comments' id='comments'>
    <a name='comments'/>
    <b:if cond='data:post.allowComments'>
      <h4>
        <b:if cond='data:post.numComments == 1'>
          1 <data:commentLabel/>:
        <b:else/>
          <data:post.numComments/> <data:commentLabelPlural/>:
        </b:if>
      </h4>

      <b:if cond='data:post.commentPagingRequired'>
        <span class='paging-control-container'>
          <a expr:class='data:post.oldLinkClass' expr:href='data:post.oldestLinkUrl'><data:post.oldestLinkText/></a>
          &#160;
          <a expr:class='data:post.oldLinkClass' expr:href='data:post.olderLinkUrl'><data:post.olderLinkText/></a>
          &#160;
          <data:post.commentRangeText/>
          &#160;
          <a expr:class='data:post.newLinkClass' expr:href='data:post.newerLinkUrl'><data:post.newerLinkText/></a>
          &#160;
          <a expr:class='data:post.newLinkClass' expr:href='data:post.newestLinkUrl'><data:post.newestLinkText/></a>
        </span>
      </b:if>

      <div expr:id='data:widget.instanceId + &quot;_comments-block-wrapper&quot;'>
        <dl expr:class='data:post.avatarIndentClass' id='comments-block'>
          <b:loop values='data:post.comments' var='comment'>
            <dt expr:class='&quot;comment-author &quot; + data:comment.authorClass' expr:id='data:comment.anchorName'>
              <b:if cond='data:comment.favicon'>
                <img expr:src='data:comment.favicon' height='16px' style='margin-bottom:-2px;' width='16px'/>
              </b:if>
              <a expr:name='data:comment.anchorName'/>
              <b:if cond='data:blog.enabledCommentProfileImages'>
                <data:comment.authorAvatarImage/>
              </b:if>
              <b:if cond='data:comment.authorUrl'>
                <a expr:href='data:comment.authorUrl' rel='nofollow'><data:comment.author/></a>
              <b:else/>
                <data:comment.author/>
              </b:if>
              <data:commentPostedByMsg/>
            </dt>
            <dd class='comment-body' expr:id='data:widget.instanceId + data:comment.cmtBodyIdPostfix'>
              <b:if cond='data:comment.isDeleted'>
                <span class='deleted-comment'><data:comment.body/></span>
              <b:else/>
                <p>
                  <data:comment.body/>
                </p>
              </b:if>
            </dd>
            <dd class='comment-footer'>
              <span class='comment-timestamp'>
                <a expr:href='data:comment.url' title='comment permalink'>
                  <data:comment.timestamp/>
                </a>
                <b:include data='comment' name='commentDeleteIcon'/>
              </span>
            </dd>
          </b:loop>
        </dl>
      </div>

      <b:if cond='data:post.commentPagingRequired'>
        <span class='paging-control-container'>
          <a expr:class='data:post.oldLinkClass' expr:href='data:post.oldestLinkUrl'>
            <data:post.oldestLinkText/>
          </a>
          <a expr:class='data:post.oldLinkClass' expr:href='data:post.olderLinkUrl'>
            <data:post.olderLinkText/>
          </a>
          &#160;
          <data:post.commentRangeText/>
          &#160;
          <a expr:class='data:post.newLinkClass' expr:href='data:post.newerLinkUrl'>
            <data:post.newerLinkText/>
          </a>
          <a expr:class='data:post.newLinkClass' expr:href='data:post.newestLinkUrl'>
            <data:post.newestLinkText/>
          </a>
        </span>
      </b:if>

      <p class='comment-footer'>
        <b:if cond='data:post.embedCommentForm'>
          <b:if cond='data:post.allowNewComments'>
            <b:include data='post' name='comment-form'/>
          <b:else/>
            <data:post.noNewCommentsText/>
          </b:if>
        <b:else/>
          <b:if cond='data:post.allowComments'>
            <a expr:href='data:post.addCommentUrl' expr:onclick='data:post.addCommentOnclick'><data:postCommentMsg/></a>
          </b:if>
        </b:if>

      </p>
    </b:if>
    <b:if cond='data:showCmtPopup'>
      <div id='comment-popup'>
        <iframe allowtransparency='true' frameborder='0' id='comment-actions' name='comment-actions' scrolling='no'>
        </iframe>
      </div>
    </b:if>

    <div id='backlinks-container'>
    <div expr:id='data:widget.instanceId + &quot;_backlinks-container&quot;'>
       <b:if cond='data:post.showBacklinks'>
         <b:include data='post' name='backlinks'/>
       </b:if>
    </div>
    </div>
  </div>
</b:includable>
</b:widget>
</b:section>
<div class='clear'/>
				
</div><!-- #content -->
</div><!-- #primary .site-content -->

<div class='widget-area grid_2' id='secondary'>	
<b:section class='sidebar' id='sidebartop' preferred='yes'>
<b:widget id='HTML1' locked='false' title='' type='HTML'>
<b:includable id='main'>
  <!-- only display title if it's non-empty -->
  <b:if cond='data:title != &quot;&quot;'>
    <h2 class='title'><data:title/></h2>
  </b:if>
  <div class='widget-content'>
    <data:content/>
  </div>

  <b:include name='quickedit'/>
</b:includable>
</b:widget>
<b:widget id='PopularPosts1' locked='false' title='Popular Posts' type='PopularPosts'>
<b:includable id='main'>
  <b:if cond='data:title'><h2><data:title/></h2></b:if>
  <div class='widget-content popular-posts'>
    <ul>
      <b:loop values='data:posts' var='post'>
      <li>
        <b:if cond='data:showThumbnails == &quot;false&quot;'>
          <b:if cond='data:showSnippets == &quot;false&quot;'>
            <!-- (1) No snippet/thumbnail -->
            <a expr:href='data:post.href'><data:post.title/></a>
          <b:else/>
            <!-- (2) Show only snippets -->
            <div class='item-title'><a expr:href='data:post.href'><data:post.title/></a></div>
            <div class='item-snippet'><data:post.snippet/></div>
          </b:if>
        <b:else/>
          <b:if cond='data:showSnippets == &quot;false&quot;'>
            <!-- (3) Show only thumbnails -->
            <div class='item-thumbnail-only'>
              <b:if cond='data:post.thumbnail'>
                <div class='item-thumbnail'>
                  <a expr:href='data:post.href' target='_blank'>
                    <img alt='' border='0' expr:height='data:thumbnailSize' expr:src='data:post.thumbnail' expr:width='data:thumbnailSize'/>
                  </a>
                </div>
              </b:if>
              <div class='item-title'><a expr:href='data:post.href'><data:post.title/></a></div>
            </div>
            <div style='clear: both;'/>
          <b:else/>
            <!-- (4) Show snippets and thumbnails -->
            <div class='item-content'>
              <b:if cond='data:post.thumbnail'>
                <div class='item-thumbnail'>
                  <a expr:href='data:post.href' target='_blank'>
                    <img alt='' border='0' expr:height='data:thumbnailSize' expr:src='data:post.thumbnail' expr:width='data:thumbnailSize'/>
                  </a>
                </div>
              </b:if>
              <div class='item-title'><a expr:href='data:post.href'><data:post.title/></a></div>
              <div class='item-snippet'><data:post.snippet/></div>
            </div>
            <div style='clear: both;'/>
          </b:if>
        </b:if>
      </li>
      </b:loop>
    </ul>
    <b:include name='quickedit'/>
  </div>
</b:includable>
</b:widget>
<b:widget id='HTML4' locked='false' title='Blogger templates' type='HTML'>
<b:includable id='main'>
  <!-- only display title if it's non-empty -->
  <b:if cond='data:title != &quot;&quot;'>
    <h2 class='title'><data:title/></h2>
  </b:if>
  <div class='widget-content'>
    <data:content/>
  </div>

  <b:include name='quickedit'/>
</b:includable>
</b:widget>
<b:widget id='HTML3' locked='false' title='Blogger news' type='HTML'>
<b:includable id='main'>
  <!-- only display title if it's non-empty -->
  <b:if cond='data:title != &quot;&quot;'>
    <h2 class='title'><data:title/></h2>
  </b:if>
  <div class='widget-content'>
    <data:content/>
  </div>

  <b:include name='quickedit'/>
</b:includable>
</b:widget>
</b:section>
</div><!-- #secondary .widget-area -->

</div><!-- #main -->


<div class='container_6' id='bottom'>
<ul>

<li class='botwid grid_2'>
<b:section class='footersec' id='footersec1' showaddelement='yes'>
<b:widget id='HTML2' locked='false' title='Blogroll' type='HTML'>
<b:includable id='main'>
  <!-- only display title if it's non-empty -->
  <b:if cond='data:title != &quot;&quot;'>
    <h2 class='title'><data:title/></h2>
  </b:if>
  <div class='widget-content'>
    <data:content/>
  </div>

  <b:include name='quickedit'/>
</b:includable>
</b:widget>
</b:section>
</li>

<li class='botwid grid_2'>
<b:section class='footersec' id='footersec2' showaddelement='yes'>
<b:widget id='Label2' locked='false' title='Categories' type='Label'>
<b:includable id='main'>
  <b:if cond='data:title'>
    <h2><data:title/></h2>
  </b:if>
  <div expr:class='&quot;widget-content &quot; + data:display + &quot;-label-widget-content&quot;'>
    <b:if cond='data:display == &quot;list&quot;'>
      <ul>
      <b:loop values='data:labels' var='label'>
        <li>
          <b:if cond='data:blog.url == data:label.url'>
            <span expr:dir='data:blog.languageDirection'><data:label.name/></span>
          <b:else/>
            <a expr:dir='data:blog.languageDirection' expr:href='data:label.url'><data:label.name/></a>
          </b:if>
          <b:if cond='data:showFreqNumbers'>
            <span dir='ltr'>(<data:label.count/>)</span>
          </b:if>
        </li>
      </b:loop>
      </ul>
    <b:else/>
      <b:loop values='data:labels' var='label'>
        <span expr:class='&quot;label-size label-size-&quot; + data:label.cssSize'>
          <b:if cond='data:blog.url == data:label.url'>
            <span expr:dir='data:blog.languageDirection'><data:label.name/></span>
          <b:else/>
            <a expr:dir='data:blog.languageDirection' expr:href='data:label.url'><data:label.name/></a>
          </b:if>
          <b:if cond='data:showFreqNumbers'>
            <span class='label-count' dir='ltr'>(<data:label.count/>)</span>
          </b:if>
        </span>
      </b:loop>
    </b:if>
    <b:include name='quickedit'/>
  </div>
</b:includable>
</b:widget>
</b:section>
</li>

<li class='botwid grid_2'>
<b:section class='footersec' id='footersec3' showaddelement='yes'>
<b:widget id='HTML5' locked='false' title='About' type='HTML'>
<b:includable id='main'>
  <!-- only display title if it's non-empty -->
  <b:if cond='data:title != &quot;&quot;'>
    <h2 class='title'><data:title/></h2>
  </b:if>
  <div class='widget-content'>
    <data:content/>
  </div>

  <b:include name='quickedit'/>
</b:includable>
</b:widget>
</b:section>
</li>

</ul>
<div class='clear'> </div>
</div>

<footer class='site-footer' id='colophon' role='contentinfo'>
<div class='site-info'>
<div class='fcred'>
<!-- you do not have permission to remove or change footer credits -->
Copyright &#169; 2012 <a expr:href='data:blog.homepageUrl'><data:blog.title/></a> | Powered by <a href='http://www.blogger.com/'>Blogger</a>
<br/>Design by <a href='http://www.fabthemes.com' target='_blank'>Fabthemes</a> | Blogger Template by <a href='http://newbloggerthemes.com/' target='_blank' title='Best Blogger Templates'>NewBloggerThemes.com</a>	
</div>
</div><!-- .site-info -->
</footer><!-- #colophon .site-footer -->

</div><!-- #page .hfeed .site -->

</body>
</html>